{
   "format_version":"1.16.100",
   "minecraft:entity":{
      "description":{
         "identifier":"ms:fire_shield_spell",
         "is_spawnable":false,
         "is_summonable":true,
         "is_experimental":false,
         "scripts":{
            "animate":[
               "spell"
            ]
         },
         "animations":{
            "spell": "controller.animation.fire_shield_spell"
         }
      },
      "component_groups": {
         "amep:despawn": {
            "minecraft:instant_despawn": {}
         }
      },
      "components":{
         "minecraft:health": {
            "value": 999,
            "max": 999
         },
         "minecraft:collision_box": {
            "height": 0.0,
            "width": 0.0
         },
         "minecraft:timer": {
            "looping": false,
            "time": [20.0, 20.0],
            "time_down_event": {
              "event": "ms:despawn"
            }
         },
         "minecraft:scale":{
            "value":0
         },
         "minecraft:damage_sensor": {
            "triggers": {
               "cause": "all",
               "deals_damage": false
            }
         },
         "minecraft:physics": {
            "has_collision": false,
            "has_gravity": false
         }
      },
      "events": {
         "ms:despawn": {
            "add": { "component_groups": [ "amep:despawn" ] }
         }
      }
   }
}