{
    "format_version":"1.8.0",
    "minecraft:entity":{
       "description":{
          "identifier":"ms:fire_spell",
          "runtime_identifier": "minecraft:thrown_trident",
          "is_spawnable":false,
          "is_summonable":true,
          "is_experimental":false,
          "scripts": {
            "animate": [ "walk" ]
          },
          "animations": {
            "walk": "controller.animation.fire_spell"
          }
       },
       "components":{
         "minecraft:projectile": {
            "on_hit": {
             "impact_damage": {
              "damage": [ 12, 12 ],
              "knockback": true,
              "semi_random_diff_damage": false,
              "destroy_on_hit": true
            },
            "remove_on_hit": true
            },
            "power": 4.0,
            "gravity": 0.05,
            "inertia": 1,
            "liquid_inertia": 1,
            "uncertainty_base": 0,
            "uncertainty_multiplier": 0,
            "anchor": 1,
            "offset": [ 0, -0.1, 0 ],
            "reflect_on_hurt": false,
            "catch_fire": true,
            "on_fire_time": 120
           }
       }
    }
 }