{
    "format_version":"1.8.0",
    "minecraft:entity":{
       "description":{
          "identifier":"ms:water_spell",
          "runtime_identifier": "minecraft:thrown_trident",
          "is_spawnable":false,
          "is_summonable":true,
          "is_experimental":false,
          "scripts": {
            "animate": [ "walk" ]
          },
          "animations": {
            "walk": "controller.animation.water_spell"
          }
       },
       "components":{
         "minecraft:projectile": {
            "on_hit": {
              "definition_event": {
                "affect_projectile": true,
                "event_trigger": {
                      "event": "ms:spawn_water",
                      "target": "self"
                }
               },
             "impact_damage": {
              "damage": [ 12, 12 ],
              "knockback": true,
              "semi_random_diff_damage": false,
              "destroy_on_hit": false
            },
            "remove_on_hit": true
            },
            "power": 4.0,
            "gravity": 0.05,
            "inertia": 1,
            "liquid_inertia": 1,
            "uncertainty_base": 0,
            "uncertainty_multiplier": 0,
            "anchor": 1,
            "offset": [ 0, -0.1, 0 ],
            "reflect_on_hurt": false,
            "catch_fire": false
           }
       },
       "events": {
         "ms:spawn_water": {
           "run_command": {
             "command": [
               "execute @s ~~~ detect ~ 127 ~ bedrock 0 tag @s add inNether",
               "execute @s[tag=inNether] ~~~ particle minecraft:water_evaporation_actor_emitter ~~~",
               "execute @s[tag=!inNether] ~~~ fill ~1 ~1 ~1 ~-1 ~-1 ~-1 water 1 keep",
               "tp @s ~ -40 ~"
             ]
           }
         }
       }
    }
 }