{
   "format_version":"1.16.100",
   "minecraft:item":{
      "description":{
         "category": "nature",
         "identifier":"ms:level_orb_orange"
      },
      "components":{
         "minecraft:foil": true,
         "minecraft:icon":{
            "texture":"level_orb_orange"
         },
         "minecraft:display_name":{
            "value":"Orange Magic XP Orb"
         },
         "minecraft:use_animation": "eat",
         "minecraft:use_duration": 2,
         "minecraft:food": {
            "on_consume": {
                "event": "ms:give_lvls"
            },
            "nurtition": 0,
            "can_always_eat": true
        }
      },
      "events": {
         "ms:give_lvls": {
            "run_command": {
               "command": [
                  "function ms_setup",
                  "scoreboard players add @s magic_LV 1",
                  "function level_up_magic"
               ]
            }
         }
      }
   }
}