{
   "format_version":"1.16.100",
   "minecraft:item":{
      "description":{
         "category": "nature",
         "identifier":"ms:mana_potion"
      },
      "components":{
         "minecraft:icon":{
            "texture":"mana_potion"
         },
         "minecraft:display_name":{
            "value":"Mana Potion"
         },
         "minecraft:use_animation": "drink",
         "minecraft:use_duration": 2,
         "minecraft:food": {
            "on_consume": {
                "event": "ms:refill_mana"
            },
            "nurtition": 0,
            "can_always_eat": true,
            "saturation_modifier": "normal",
            "using_converts_to": "minecraft:glass_bottle"
        }
      },
      "events": {
         "ms:refill_mana": {
            "run_command": {
               "command": [
                  "scoreboard players set @s[scores={max_mana=100}] mana 100",
                  "scoreboard players set @s[scores={max_mana=200}] mana 200",
                  "scoreboard players set @s[scores={max_mana=300}] mana 300",
                  "scoreboard players set @s[scores={max_mana=400}] mana 400",
                  "scoreboard players set @s[scores={max_mana=500}] mana 500",
                  "function display_mana"
               ]
            }
         }
      }
   }
}