{
   "format_version":"1.13.0",
   "minecraft:feature_rules":{
      "description":{
         "identifier":"minecraft:orbtree_spruce",
         "places_feature":"minecraft:orbtree_spruce"
      },
      "conditions":{
         "placement_pass":"surface_pass",
         "minecraft:biome_filter": {
				"any_of": [
					{
						"test": "has_biome_tag",
						"operator": "==",
						"value": "taiga"
					}
				]
			}
      },
      "distribution":{
         "iterations":1,
         "scatter_chance":1.0,
         "x":0,
         "y":"query.heightmap(variable.worldx, variable.worldz) + 0",
         "z":0
      }
   }
}