{
	"format_version": "1.12.0",
	"minecraft:geometry": [
		{
			"description": {
				"identifier": "geometry.block_mahou",
				"texture_width": 128,
				"texture_height": 128,
				"visible_bounds_width": 2,
				"visible_bounds_height": 5.5,
				"visible_bounds_offset": [0, 2.25, 0]
			},
			"bones": [
				{
					"name": "bone",
					"pivot": [0, 0, 0],
					"cubes": [
						{"origin": [-5, 0, -5], "size": [10, 16, 10], "uv": [0, 52]},
						{"origin": [-5, 15, -5], "size": [10, 16, 10], "inflate": -0.5, "uv": [40, 0]},
						{"origin": [-5, 29, -5], "size": [10, 16, 10], "inflate": -1, "uv": [40, 40]},
						{"origin": [-5, 42, -5], "size": [10, 16, 10], "inflate": -1.5, "uv": [0, 26]},
						{"origin": [-5, 54, -5], "size": [10, 16, 10], "inflate": -2, "uv": [0, 0]}
					]
				}
			]
		}
	]
}
