{
	"format_version": "1.12.0",
	"minecraft:geometry": [
		{
			"description": {
				"identifier": "geometry.magic_wand",
				"texture_width": 64,
				"texture_height": 64,
				"visible_bounds_width": 5,
				"visible_bounds_height": 3,
				"visible_bounds_offset": [0, 0.5, 0]
			},
			"bones": [
				{
					"name": "root",
					"pivot": [0, 0, 0]
				},
				{
					"name": "waist",
					"parent": "root",
					"pivot": [0, 0, 0]
				},
				{
					"name": "body",
					"parent": "waist",
					"pivot": [0, 24, 0],
					"mirror": true
				},
				{
					"name": "head",
					"parent": "body",
					"pivot": [0, 24, 0],
					"mirror": true
				},
				{
					"name": "rightArm",
					"parent": "body",
					"pivot": [-5, 22, 3],
					"mirror": true
				},
				{
					"name": "bone",
					"parent": "rightArm",
					"pivot": [0, -2, -11],
					"cubes": [
						{"origin": [-6.5, 14.75, -25.25], "size": [2, 1.5, 1.3], "inflate": -0.5, "uv": [21, 33]},
						{"origin": [-8.3, 12.5, -25.5], "size": [1.3, 2, 1.5], "inflate": -0.5, "uv": [22, 12]},
						{"origin": [-4.3, 12.5, -25.5], "size": [1.3, 2, 1.5], "inflate": -0.5, "uv": [20, 22]},
						{"origin": [-6.5, 10.75, -25.25], "size": [2, 1.5, 1.3], "inflate": -0.5, "uv": [0, 15]},
						{"origin": [-6.5, 15.75, -26.75], "size": [2, 1.4, 2.3], "inflate": -0.5, "uv": [30, 8]},
						{"origin": [-8.9, 12.5, -27.25], "size": [1.4, 2, 2.3], "inflate": -0.5, "uv": [0, 10]},
						{"origin": [-3.8, 12.5, -27.25], "size": [1.4, 2, 2.3], "inflate": -0.5, "uv": [0, 0]},
						{"origin": [-6.5, 9.9, -26.75], "size": [2, 1.4, 2.3], "inflate": -0.5, "uv": [13, 30]},
						{"origin": [-6.5, 15.25, -25.5], "size": [2, 1.5, 1.3], "inflate": -0.5, "uv": [8, 29]},
						{"origin": [-8.55, 12.5, -26], "size": [1.3, 2, 1.5], "inflate": -0.5, "uv": [22, 0]},
						{"origin": [-4.05, 12.5, -26], "size": [1.3, 2, 1.5], "inflate": -0.5, "uv": [0, 20]},
						{"origin": [-6.5, 10.25, -25.5], "size": [2, 1.5, 1.3], "inflate": -0.5, "uv": [0, 5]},
						{"origin": [-6.5, 13.75, -24.75], "size": [2, 1.3, 5], "inflate": -0.5, "uv": [10, 22]},
						{"origin": [-7.05, 12.5, -24.75], "size": [1.3, 2, 5], "inflate": -0.5, "uv": [20, 24]},
						{"origin": [-5.3, 12.5, -24.75], "size": [1.3, 2, 5], "inflate": -0.5, "uv": [22, 0]},
						{"origin": [-5.55, 12.5, -24.75], "size": [1.3, 2, 5], "inflate": -0.5, "uv": [22, 12]},
						{"origin": [-6.5, 12, -24.75], "size": [2, 1.3, 5], "inflate": -0.5, "uv": [0, 20]},
						{"origin": [-6.5, 13.75, -25], "size": [2, 2, 1.3], "inflate": -0.5, "uv": [30, 12]},
						{"origin": [-8, 12.5, -25], "size": [2, 2, 1.3], "inflate": -0.5, "uv": [11, 4]},
						{"origin": [-5.25, 12.5, -25], "size": [2, 2, 1.3], "inflate": -0.5, "uv": [11, 0]},
						{"origin": [-6.5, 11.25, -25], "size": [2, 2, 1.3], "inflate": -0.5, "uv": [11, 12]},
						{"origin": [-6, 13.75, -21], "size": [1, 1, 5], "inflate": -0.2, "uv": [28, 20]},
						{"origin": [-6, 12.3, -21], "size": [1, 1, 5], "inflate": -0.2, "uv": [28, 20]},
						{"origin": [-6.75, 13, -21], "size": [1, 1, 5], "inflate": -0.2, "uv": [28, 28]},
						{"origin": [-5.3, 13, -21], "size": [1, 1, 5], "inflate": -0.2, "uv": [0, 27]},
						{"origin": [-6, 13, 0], "size": [1, 1, 7], "uv": [12, 13]},
						{"origin": [-6, 13, -8], "size": [1, 1, 8], "inflate": 0.1, "uv": [11, 2]},
						{"origin": [-6, 13, -16], "size": [1, 1, 8], "inflate": 0.2, "uv": [0, 10]},
						{"origin": [-6, 13, -24], "size": [1, 1, 8], "inflate": 0.3, "uv": [0, 0]}
					]
				},
				{
					"name": "bone2",
					"parent": "bone",
					"pivot": [-5.5, 13.5, -27.5],
					"cubes": [
						{"origin": [-7, 13.5, -29], "size": [3, 0, 3], "uv": [30, 0]}
					]
				},
				{
					"name": "leftArm",
					"parent": "body",
					"pivot": [5, 22, 0],
					"mirror": true
				},
				{
					"name": "rightLeg",
					"parent": "waist",
					"pivot": [-1.9, 12, 0],
					"mirror": true
				},
				{
					"name": "leftLeg",
					"parent": "waist",
					"pivot": [1.9, 12, 0],
					"mirror": true
				}
			]
		}
	]
}