{
  "resource_pack_name": "Addon Maker Resource",
  "texture_name": "atlas.items",
  "texture_data": {
    "egg_camel": {
      "textures": "textures/items/egg_camel"
    },
    "egg_lion": {
      "textures": "textures/items/egg_lion"
    },
    "egg_penguin": {
      "textures": "textures/items/egg_penguin"
    },
    "egg_tiger": {
      "textures": "textures/items/egg_tiger"
    },
    "egg_elephant": {
      "textures": "textures/items/egg_elephant"
    },
    "egg_deer": {
      "textures": "textures/items/egg_deer"
    },
    "egg_panther": {
      "textures": "textures/items/egg_panther"
    },
    "egg_frog": {
      "textures": "textures/items/egg_frog"
    },
    "egg_crocodile": {
      "textures": "textures/items/egg_crocodile"
    },
    "egg_mouse": {
      "textures": "textures/items/egg_mouse"
    },
    "gallardo": {
      "textures": "textures/items/gallardo"
    },
    "bench": {
      "textures": "textures/items/bench"
    },
    "christmas_tree": {
      "textures": "textures/items/christmas_tree"
    },
    "tivi": {
      "textures": "textures/items/tivi"
    },
    "closet": {
      "textures": "textures/items/closet"
    },
    "laptop": {
      "textures": "textures/items/laptop"
    },
    "piano": {
      "textures": "textures/items/piano"
    },
    "armchairs": {
      "textures": "textures/items/armchairs"
    },
    "chair": {
      "textures": "textures/items/chair"
    },
    "big_table": {
      "textures": "textures/items/big_table"
    },
    "small_table": {
      "textures": "textures/items/small_table"
    },
    "drone": {
      "textures": "textures/items/drone"
    },
    "colorful_gifts": {
      "textures": "textures/items/colorful_gifts"
    },
    "jxj_diamond_staff": {
      "textures": "textures/items/pamobile/jxj_diamond_staff"
    },
    "jxj:magic_staff": {
      "textures": "textures/items/pamobile/jxj_magic_staff"
    },
    "jxj:bullet_update": {
      "textures": "textures/items/pamobile/jxj_bullet_update"
    },
    "jxj:medic_bread": {
      "textures": "textures/items/pamobile/jxj_medic_bread"
    },
    "jxj_magic_pumpkin": {
      "textures": "textures/items/pamobile/jxj_magic_pumpkin"
    },
    "jxj:bullet_v2_1": {
      "textures": "textures/items/pamobile/jxj_bullet_v2_1"
    },
    "jxj_below_magic": {
      "textures": "textures/items/pamobile/jxj_below_magic"
    },
    "jxj:fireball_v3_fix": {
      "textures": "textures/items/pamobile/jxj_fireball_v3_fix"
    },
    "jxj:magic_staff_v2": {
      "textures": "textures/items/pamobile/jxj_magic_staff_v2"
    },
    "jxj:clone_1_3_0": {
      "textures": "textures/items/pamobile/jxj_clone_1_3_0"
    },
    "jxj:possed_zach": {
      "textures": "textures/items/pamobile/jxj_possed_zach"
    },
    "jxj:zach": {
      "textures": "textures/items/pamobile/jxj_zach"
    },
    "jxj:magic_cloner": {
      "textures": "textures/items/pamobile/jxj_magic_cloner"
    },
    "jxj:jazz": {
      "textures": "textures/items/pamobile/jxj_jazz"
    }
  }
}