{
	"minecraft:entity": {
		"component_groups": {
			"magica:magic": {
				"minecraft:projectile": {
					"onHit": {
						"remove_on_hit": {},
						"spawn_aoe_cloud": {
							"radius": 4,
							"radius_on_use": 0,
							"potion": 36,
							"particle": "dragonbreath",
							"duration": 20,
							"color": [
								220,
								0,
								239
							],
							"affect_owner": false
						}
					},
					"hitSound": "icebomb.hit",
					"power": 1,
					"gravity": 0.05,
					"angleoffset": 0,
					"inertia": 1,
					"liquid_inertia": 1
				},
				"minecraft:scale": {
					"value": 1
				}
			},
			"magica:water": {
				"minecraft:projectile": {
					"onHit": {
						"remove_on_hit": {},
						"spawn_aoe_cloud": {
							"radius": 3,
							"radius_on_use": 0,
							"potion": 17,
							"particle": "spell",
							"duration": 1,
							"color": [
								62,
								139,
								127
							],
							"affect_owner": false
						}
					},
					"hitSound": "icebomb.hit",
					"power": 1,
					"gravity": 0.05,
					"angleoffset": 0,
					"inertia": 1,
					"liquid_inertia": 1
				},
				"minecraft:scale": {
					"value": 1
				}
			},
			"magica:fire": {
				"minecraft:projectile": {
					"onHit": {
						"impact_damage": {
							"damage": 12,
							"knockback": false,
							"catchFire": true,
							"semirandomdiffdamage": false
						},
						"catch_fire": {
							"fireAffectedByGriefing": false
						},
						"remove_on_hit": {},
						"particle_on_hit": {
							"particle_type": "largesmoke",
							"num_particles": 6,
							"on_entity_hit": true,
							"on_other_hit": true
						}
					},
					"hitSound": "icebomb.hit",
					"power": 2,
					"gravity": 0.025,
					"angleoffset": 0,
					"inertia": 1,
					"liquid_inertia": 1
				},
				"minecraft:scale": {
					"value": 1
				}
			},
			"magica:earth_explode": {
				"minecraft:explode": {
					"power": 2.5,
					"fuseLit": true,
					"fuseLength": 2.2,
					"destroyAffectedByGriefing": true
				}
			},
			"magica:earth": {
				"minecraft:projectile": {
					"onHit": {
						"definition_event": {
							"eventTrigger": {
								"event": "magica:on_earth_explode",
								"target": "self"
							},
							"affectProjectile": false
						},
						"stick_in_ground": {
							"shake_time": 2.2
						},
						"particle_on_hit": {
							"particle_type": "crit",
							"num_particles": 10,
							"on_entity_hit": true,
							"on_other_hit": true
						}
					},
					"hitSound": "icebomb.hit",
					"power": 1,
					"gravity": 0.1,
					"angleoffset": 0,
					"inertia": 1,
					"liquid_inertia": 1
				},
				"minecraft:scale": {
					"value": 1
				}
			},
			"magica:air": {
				"minecraft:projectile": {
					"onHit": {
						"remove_on_hit": {},
						"particle_on_hit": {
							"particle_type": "enchantingtable",
							"num_particles": 20,
							"on_entity_hit": true,
							"on_other_hit": true
						},
						"mob_effect": {
							"effect": "levitation",
							"durationeasy": 30,
							"durationnormal": 30,
							"durationhard": 30,
							"amplifier": 12
						}
					},
					"hitSound": "icebomb.hit",
					"power": 1.25,
					"gravity": 0.005,
					"angleoffset": 0,
					"inertia": 1,
					"liquid_inertia": 1
				},
				"minecraft:scale": {
					"value": 1
				}
			},
			"magica:die": {
				"minecraft:explode": {
					"fuseLength": 0,
					"fuseLit": true,
					"power": 0
				}
			},
			"magica:drop_self": {
				"minecraft:timer": {
					"time": 0.05,
					"time_down_event": {
						"event": "magica:on_die"
					}
				},
				"minecraft:ageable": {
					"duration": 0.05,
					"drop_items": [
						"ice_bomb"
					],
					"grow_up": {
						"event": "_",
						"target": "self"
					}
				}
			}
		},
		"events": {
			"magica:on_earth_explode": {
				"add": {
					"component_groups": [
						"magica:earth_explode"
					]
				}
			},
			"magica:on_die": {
				"add": {
					"component_groups": [
						"magica:die"
					]
				}
			},
			"minecraft:entity_spawned": {
				"sequence": [
					{
						"filters": {
							"test": "is_family",
							"subject": "other",
							"value": "air"
						},
						"add": {
							"component_groups": [
								"magica:air"
							]
						}
					},
					{
						"filters": {
							"test": "is_family",
							"subject": "other",
							"value": "earth"
						},
						"add": {
							"component_groups": [
								"magica:earth"
							]
						}
					},
					{
						"filters": {
							"test": "is_family",
							"subject": "other",
							"value": "fire"
						},
						"add": {
							"component_groups": [
								"magica:fire"
							]
						}
					},
					{
						"filters": {
							"test": "is_family",
							"subject": "other",
							"value": "water"
						},
						"add": {
							"component_groups": [
								"magica:water"
							]
						}
					},
					{
						"filters": {
							"test": "is_family",
							"subject": "other",
							"value": "magic"
						},
						"add": {
							"component_groups": [
								"magica:magic"
							]
						}
					},
					{
						"filters": {
							"all_of": [
								{
									"test": "is_family",
									"subject": "other",
									"operator": "not",
									"value": "air"
								},
								{
									"test": "is_family",
									"subject": "other",
									"operator": "not",
									"value": "earth"
								},
								{
									"test": "is_family",
									"subject": "other",
									"operator": "not",
									"value": "fire"
								},
								{
									"test": "is_family",
									"subject": "other",
									"operator": "not",
									"value": "water"
								},
								{
									"test": "is_family",
									"subject": "other",
									"operator": "not",
									"value": "magic"
								}
							]
						},
						"add": {
							"component_groups": [
								"magica:drop_self"
							]
						}
					}
				]
			}
		},
		"format_version": "1.2.0",
		"components": {
			"minecraft:identifier": {
				"id": "minecraft:ice_bomb"
			},
			"minecraft:collision_box": {
				"width": 0.25,
				"height": 0.25
			},
			"minecraft:projectile": {
				"onHit": {
					"remove_on_hit": {},
					"particle_on_hit": {
						"particle_type": "snowballpoof",
						"num_particles": 6,
						"on_entity_hit": true,
						"on_other_hit": true
					}
				},
				"hitSound": "icebomb.hit",
				"power": 1.5,
				"gravity": 0.025,
				"angleoffset": 0,
				"inertia": 1,
				"liquid_inertia": 1,
				"hitWater": true
			},
			"minecraft:physics": {}
		}
	}
}