{
	"minecraft:entity": {
		"component_groups": {
			"magica:formula_into_hand": {
				"minecraft:equipment": {
					"table": "loot_tables/empty_formula.json"
				}
			},
			"magica:exp_0": {
				"minecraft:timer": {
					"time": 1,
					"time_down_event": {
						"event": "magica:timer_done",
						"target": "self"
					}
				},
				"minecraft:player.experience": {
					"value": 0,
					"max": 0,
					"min": 0
				}
			},
			"magica:exp_1_5s": {
				"minecraft:timer": {
					"time": 1,
					"time_down_event": {
						"event": "magica:set_timer_0",
						"target": "self"
					}
				},
				"minecraft:player.experience": {
					"value": 0.2,
					"max": 0.2,
					"min": 0.2
				}
			},
			"magica:exp_2_5s": {
				"minecraft:timer": {
					"time": 1,
					"time_down_event": {
						"event": "magica:set_timer_1_5s",
						"target": "self"
					}
				},
				"minecraft:player.experience": {
					"value": 0.4,
					"max": 0.4,
					"min": 0.4
				}
			},
			"magica:exp_3_5s": {
				"minecraft:timer": {
					"time": 1,
					"time_down_event": {
						"event": "magica:set_timer_2_5s",
						"target": "self"
					}
				},
				"minecraft:player.experience": {
					"value": 0.6,
					"max": 0.6,
					"min": 0.6
				}
			},
			"magica:exp_4_5s": {
				"minecraft:timer": {
					"time": 1,
					"time_down_event": {
						"event": "magica:set_timer_3_5s",
						"target": "self"
					}
				},
				"minecraft:player.experience": {
					"value": 0.8,
					"max": 0.8,
					"min": 0.8
				}
			},
			"magica:exp_5_5s": {
				"minecraft:timer": {
					"time": 1,
					"time_down_event": {
						"event": "magica:set_timer_4_5s",
						"target": "self"
					}
				},
				"minecraft:player.experience": {
					"value": 1,
					"max": 1,
					"min": 1
				}
			},
			"magica:default": {
				"minecraft:attack": {
					"damage": 1
				},
				"minecraft:health": {
					"value": 20,
					"max": 20
				}
			},
			"magica:air_dagger": {
				"minecraft:attack": {
					"damage": 10
				},
				"minecraft:health": {
					"value": 26,
					"max": 26
				}
			},
			"magica:air_dagger_ef": {
				"minecraft:spell_effects": {
					"add_effects": [
						{
							"effect": "speed",
							"duration": 1,
							"amplifier": 2,
							"visible": 1,
							"ambient": 1
						}
					]
				}
			},
			"magica:earth_battleaxe": {
				"minecraft:attack": {
					"damage": 8
				},
				"minecraft:health": {
					"value": 40,
					"max": 40
				}
			},
			"magica:earth_battleaxe_ef": {
				"minecraft:spell_effects": {
					"add_effects": [
						{
							"effect": "night_vision",
							"duration": 1,
							"amplifier": 0,
							"visible": 1,
							"ambient": 1
						},
						{
							"effect": "haste",
							"duration": 1,
							"amplifier": 2,
							"visible": 1,
							"ambient": 1
						}
					]
				}
			},
			"magica:fire_sword": {
				"minecraft:attack": {
					"damage": 12
				},
				"minecraft:health": {
					"value": 24,
					"max": 24
				}
			},
			"magica:fire_sword_ef": {
				"minecraft:spell_effects": {
					"add_effects": [
						{
							"effect": "fire_resistance",
							"duration": 1,
							"amplifier": 0,
							"visible": 1,
							"ambient": 1
						}
					]
				}
			},
			"magica:water_spear": {
				"minecraft:attack": {
					"damage": 9
				},
				"minecraft:health": {
					"value": 34,
					"max": 34
				}
			},
			"magica:water_spear_ef": {
				"minecraft:spell_effects": {
					"add_effects": [
						{
							"effect": "water_breathing",
							"duration": 1,
							"amplifier": 0,
							"visible": 1,
							"ambient": 1
						}
					]
				}
			},
			"magica:magic_sword": {
				"minecraft:health": {
					"value": 40,
					"max": 40
				},
				"minecraft:attack": {
					"damage": 12
				}
			},
			"magica:magic_sword_ef": {
				"minecraft:spell_effects": {
					"add_effects": [
						{
							"effect": "night_vision",
							"duration": 1,
							"amplifier": 0,
							"visible": 1,
							"ambient": 1
						},
						{
							"effect": "haste",
							"duration": 1,
							"amplifier": 2,
							"visible": 1,
							"ambient": 1
						},
						{
							"effect": "water_breathing",
							"duration": 1,
							"amplifier": 0,
							"visible": 1,
							"ambient": 1
						},
						{
							"effect": "fire_resistance",
							"duration": 1,
							"amplifier": 0,
							"visible": 1,
							"ambient": 1
						},
						{
							"effect": "speed",
							"duration": 1,
							"amplifier": 2,
							"visible": 1,
							"ambient": 1
						}
					]
				}
			},
			"magica:soul_smasher": {
				"minecraft:health": {
					"value": 16,
					"max": 16
				},
				"minecraft:attack": {
					"damage": 11
				}
			},
			"magica:infused_player": {
				"minecraft:is_saddled": {}
			},
			"magica:set_level": {
				"minecraft:player.level": {
					"value": 40,
					"max": 40
				}
			},
			"magica:air_infused": {
				"minecraft:type_family": {
					"family": [
						"player",
						"air"
					]
				},
				"minecraft:spawn_entity": {
					"max_wait_time": 1,
					"min_wait_time": 0.5,
					"spawn_entity": "minecraft:armor_stand",
					"spawn_event": "magica:as_air_particle"
				}
			},
			"magica:earth_infused": {
				"minecraft:type_family": {
					"family": [
						"player",
						"earth"
					]
				},
				"minecraft:spawn_entity": {
					"max_wait_time": 1,
					"min_wait_time": 0.5,
					"spawn_entity": "minecraft:armor_stand",
					"spawn_event": "magica:as_earth_particle"
				}
			},
			"magica:fire_infused": {
				"minecraft:type_family": {
					"family": [
						"player",
						"fire"
					]
				},
				"minecraft:spawn_entity": {
					"max_wait_time": 1,
					"min_wait_time": 0.5,
					"spawn_entity": "minecraft:armor_stand",
					"spawn_event": "magica:as_fire_particle"
				}
			},
			"magica:water_infused": {
				"minecraft:type_family": {
					"family": [
						"player",
						"water"
					]
				},
				"minecraft:spawn_entity": {
					"max_wait_time": 1,
					"min_wait_time": 0.5,
					"spawn_entity": "minecraft:armor_stand",
					"spawn_event": "magica:as_water_particle"
				}
			},
			"magica:magic_infused": {
				"minecraft:type_family": {
					"family": [
						"player",
						"magic"
					]
				},
				"minecraft:spawn_entity": {
					"max_wait_time": 1.6,
					"min_wait_time": 1,
					"spawn_entity": "minecraft:armor_stand",
					"spawn_event": "magica:as_magic_particle"
				}
			}
		},
		"events": {
			"magica:set_timer_0": {
				"add": {
					"component_groups": [
						"magica:exp_0"
					]
				},
				"remove": {
					"component_groups": [
						"magica:exp_1_5s",
						"magica:exp_2_5s",
						"magica:exp_3_5s",
						"magica:exp_4_5s",
						"magica:exp_5_5s"
					]
				}
			},
			"magica:set_timer_1_5s": {
				"add": {
					"component_groups": [
						"magica:exp_1_5s"
					]
				},
				"remove": {
					"component_groups": [
						"magica:exp_2_5s",
						"magica:exp_3_5s",
						"magica:exp_4_5s",
						"magica:exp_5_5s"
					]
				}
			},
			"magica:set_timer_2_5s": {
				"add": {
					"component_groups": [
						"magica:exp_2_5s"
					]
				},
				"remove": {
					"component_groups": [
						"magica:exp_1_5s",
						"magica:exp_3_5s",
						"magica:exp_4_5s",
						"magica:exp_5_5s"
					]
				}
			},
			"magica:set_timer_3_5s": {
				"add": {
					"component_groups": [
						"magica:exp_3_5s"
					]
				},
				"remove": {
					"component_groups": [
						"magica:exp_1_5s",
						"magica:exp_2_5s",
						"magica:exp_4_5s",
						"magica:exp_5_5s"
					]
				}
			},
			"magica:set_timer_4_5s": {
				"add": {
					"component_groups": [
						"magica:exp_4_5s"
					]
				},
				"remove": {
					"component_groups": [
						"magica:exp_5_5s",
						"magica:exp_1_5s",
						"magica:exp_2_5s",
						"magica:exp_3_5s"
					]
				}
			},
			"magica:set_timer_5_5s": {
				"add": {
					"component_groups": [
						"magica:exp_5_5s"
					]
				},
				"remove": {
					"component_groups": [
						"magica:exp_1_5s",
						"magica:exp_2_5s",
						"magica:exp_4_5s",
						"magica:exp_3_5s",
						"magica:exp_0"
					]
				}
			},
			"magica:timer_done": {
				"sequence": [
					{
						"remove": {
							"component_groups": [
								"magica:exp_0",
								"magica:air_infused",
								"magica:earth_infused",
								"magica:fire_infused",
								"magica:water_infused",
								"magica:magic_infused",
								"magica:infused_player"
							]
						}
					},
					{
						"filters": {
							"test": "has_equipment",
							"domain": "hand",
							"value": "compound:26"
						},
						"add": {
							"component_groups": [
								"magica:formula_into_hand",
								"magica:set_level"
							]
						}
					}
				]
			},
			"magica:on_default": {
				"add": {
					"component_groups": [
						"magica:default"
					]
				},
				"remove": {
					"component_groups": [
						"magica:air_dagger",
						"magica:earth_battleaxe",
						"magica:fire_sword",
						"magica:water_spear",
						"magica:magic_sword"
					]
				}
			},
			"magica:on_air_dagger": {
				"add": {
					"component_groups": [
						"magica:air_dagger"
					]
				}
			},
			"magica:on_air_dagger_ef": {
				"add": {
					"component_groups": [
						"magica:air_dagger_ef"
					]
				}
			},
			"magica:on_earth_battleaxe": {
				"add": {
					"component_groups": [
						"magica:earth_battleaxe"
					]
				}
			},
			"magica:on_earth_battleaxe_ef": {
				"add": {
					"component_groups": [
						"magica:earth_battleaxe_ef"
					]
				}
			},
			"magica:on_fire_sword": {
				"add": {
					"component_groups": [
						"magica:fire_sword"
					]
				}
			},
			"magica:on_fire_sword_ef": {
				"add": {
					"component_groups": [
						"magica:fire_sword_ef"
					]
				}
			},
			"magica:on_water_spear": {
				"add": {
					"component_groups": [
						"magica:water_spear"
					]
				}
			},
			"magica:on_water_spear_ef": {
				"add": {
					"component_groups": [
						"magica:water_spear_ef"
					]
				}
			},
			"magica:on_magic_sword": {
				"add": {
					"component_groups": [
						"magica:magic_sword"
					]
				}
			},
			"magica:on_magic_sword_ef": {
				"add": {
					"component_groups": [
						"magica:magic_sword_ef"
					]
				}
			},
			"magica:on_soul_smasher": {
				"add": {
					"component_groups": [
						"magica:soul_smasher"
					]
				}
			},
			"magica:on_infuse_player": {
				"add": {
					"component_groups": [
						"magica:infused_player",
						"magica:exp_5_5s"
					]
				}
			},
			"magica:on_air": {
				"add": {
					"component_groups": [
						"magica:air_infused",
						"magica:exp_5_5s"
					]
				},
				"remove": {
					"component_groups": [
						"magica:earth_infused",
						"magica:fire_infused",
						"magica:water_infused"
					]
				}
			},
			"magica:on_remove_air": {
				"remove": {
					"component_groups": [
						"magica:air_infused"
					]
				}
			},
			"magica:on_earth": {
				"add": {
					"component_groups": [
						"magica:earth_infused",
						"magica:exp_5_5s"
					]
				},
				"remove": {
					"component_groups": [
						"magica:air_infused",
						"magica:fire_infused",
						"magica:water_infused"
					]
				}
			},
			"magica:on_remove_earth": {
				"remove": {
					"component_groups": [
						"magica:earth_infused"
					]
				}
			},
			"magica:on_fire": {
				"add": {
					"component_groups": [
						"magica:fire_infused",
						"magica:exp_5_5s"
					]
				},
				"remove": {
					"component_groups": [
						"magica:air_infused",
						"magica:earth_infused",
						"magica:water_infused"
					]
				}
			},
			"magica:on_remove_fire": {
				"remove": {
					"component_groups": [
						"magica:fire_infused"
					]
				}
			},
			"magica:on_water": {
				"add": {
					"component_groups": [
						"magica:water_infused",
						"magica:exp_5_5s"
					]
				},
				"remove": {
					"component_groups": [
						"magica:air_infused",
						"magica:earth_infused",
						"magica:fire_infused"
					]
				}
			},
			"magica:on_remove_water": {
				"remove": {
					"component_groups": [
						"magica:water_infused"
					]
				}
			},
			"magica:on_magic": {
				"add": {
					"component_groups": [
						"magica:magic_infused",
						"magica:exp_5_5s"
					]
				},
				"remove": {
					"component_groups": [
						"magica:air_infused",
						"magica:earth_infused",
						"magica:fire_infused",
						"magica:water_infused"
					]
				}
			},
			"magica:on_remove_magic": {
				"remove": {
					"component_groups": [
						"magica:magic_infused"
					]
				}
			}
		},
		"components": {
			"minecraft:environment_sensor": [
				{
					"on_environment": {
						"event": "magica:on_default"
					}
				},
				{
					"on_environment": {
						"filters": {
							"all_of": [
								{
									"test": "has_equipment",
									"subject": "self",
									"domain": "hand",
									"value": "compound:13"
								}
							]
						},
						"event": "magica:on_air_dagger"
					}
				},
				{
					"on_environment": {
						"filters": {
							"all_of": [
								{
									"test": "has_equipment",
									"subject": "self",
									"domain": "hand",
									"value": "compound:14"
								}
							]
						},
						"event": "magica:on_earth_battleaxe"
					}
				},
				{
					"on_environment": {
						"filters": {
							"all_of": [
								{
									"test": "has_equipment",
									"subject": "self",
									"domain": "hand",
									"value": "compound:15"
								}
							]
						},
						"event": "magica:on_fire_sword"
					}
				},
				{
					"on_environment": {
						"filters": {
							"all_of": [
								{
									"test": "has_equipment",
									"subject": "self",
									"domain": "hand",
									"value": "compound:16"
								}
							]
						},
						"event": "magica:on_water_spear"
					}
				},
				{
					"on_environment": {
						"filters": {
							"all_of": [
								{
									"test": "has_equipment",
									"subject": "self",
									"domain": "hand",
									"value": "compound:13"
								},
								{
									"test": "has_component",
									"operator": "not",
									"value": "minecraft:effect.speed"
								}
							]
						},
						"event": "magica:on_air_dagger_ef"
					}
				},
				{
					"on_environment": {
						"filters": {
							"all_of": [
								{
									"test": "has_equipment",
									"subject": "self",
									"domain": "hand",
									"value": "compound:14"
								},
								{
									"test": "has_component",
									"operator": "not",
									"value": "minecraft:effect.night_vision"
								},
								{
									"test": "has_component",
									"operator": "not",
									"value": "minecraft:effect.haste"
								}
							]
						},
						"event": "magica:on_earth_battleaxe_ef"
					}
				},
				{
					"on_environment": {
						"filters": {
							"all_of": [
								{
									"test": "has_equipment",
									"subject": "self",
									"domain": "hand",
									"value": "compound:15"
								},
								{
									"test": "has_component",
									"operator": "not",
									"value": "minecraft:effect.fire_resistance"
								}
							]
						},
						"event": "magica:on_fire_sword_ef"
					}
				},
				{
					"on_environment": {
						"filters": {
							"all_of": [
								{
									"test": "has_equipment",
									"subject": "self",
									"domain": "hand",
									"value": "compound:16"
								},
								{
									"test": "has_component",
									"operator": "not",
									"value": "minecraft:effect.water_breathing"
								}
							]
						},
						"event": "magica:on_water_spear_ef"
					}
				},
				{
					"on_environment": {
						"filters": {
							"all_of": [
								{
									"test": "has_equipment",
									"subject": "self",
									"domain": "hand",
									"value": "compound:23"
								}
							]
						},
						"event": "magica:on_magic_sword"
					}
				},
				{
					"on_environment": {
						"filters": {
							"all_of": [
								{
									"test": "has_equipment",
									"subject": "self",
									"domain": "hand",
									"value": "compound:23"
								},
								{
									"test": "has_component",
									"operator": "not",
									"value": "minecraft:effect.water_breathing"
								},
								{
									"test": "has_component",
									"operator": "not",
									"value": "minecraft:effect.fire_resistance"
								},
								{
									"test": "has_component",
									"operator": "not",
									"value": "minecraft:effect.speed"
								},
								{
									"test": "has_component",
									"operator": "not",
									"value": "minecraft:effect.haste"
								},
								{
									"test": "has_component",
									"operator": "not",
									"value": "minecraft:effect.night_vision"
								}
							]
						},
						"event": "magica:on_magic_sword_ef"
					}
				},
				{
					"on_environment": {
						"filters": {
							"all_of": [
								{
									"test": "has_equipment",
									"subject": "self",
									"domain": "hand",
									"value": "compound:18"
								}
							]
						},
						"event": "magica:on_soul_smasher"
					}
				},
				{
					"on_environment": {
						"filters": {
							"all_of": [
								{
									"test": "has_equipment",
									"value": "compound:26"
								},
								{
									"test": "has_component",
									"value": "minecraft:is_saddled",
									"operator": "not"
								}
							]
						},
						"event": "magica:on_infuse_player"
					}
				},
				{
					"on_environment": {
						"filters": {
							"all_of": [
								{
									"test": "is_family",
									"value": "air",
									"operator": "not"
								},
								{
									"test": "has_equipment",
									"value": "compound:0"
								}
							]
						},
						"event": "magica:on_air"
					}
				},
				{
					"on_environment": {
						"filters": {
							"all_of": [
								{
									"test": "is_family",
									"value": "earth",
									"operator": "not"
								},
								{
									"test": "has_equipment",
									"value": "compound:1"
								}
							]
						},
						"event": "magica:on_earth"
					}
				},
				{
					"on_environment": {
						"filters": {
							"all_of": [
								{
									"test": "is_family",
									"value": "fire",
									"operator": "not"
								},
								{
									"test": "has_equipment",
									"value": "compound:2"
								}
							]
						},
						"event": "magica:on_fire"
					}
				},
				{
					"on_environment": {
						"filters": {
							"all_of": [
								{
									"test": "is_family",
									"value": "water",
									"operator": "not"
								},
								{
									"test": "has_equipment",
									"value": "compound:3"
								}
							]
						},
						"event": "magica:on_water"
					}
				},
				{
					"on_environment": {
						"filters": {
							"all_of": [
								{
									"test": "is_family",
									"value": "magic",
									"operator": "not"
								},
								{
									"test": "has_equipment",
									"value": "compound:8"
								}
							]
						},
						"event": "magica:on_magic"
					}
				}
			],
			"minecraft:identifier": {
				"id": "minecraft:player"
			},
			"minecraft:type_family": {
				"family": [
					"player"
				]
			},
			"minecraft:loot": {
				"table": "loot_tables/empty.json"
			},
			"minecraft:collision_box": {
				"width": 0.6,
				"height": 1.8
			},
			"minecraft:can_climb": {},
			"minecraft:movement": {
				"value": 0.1
			},
			"minecraft:player.saturation": {
				"value": 20
			},
			"minecraft:player.exhaustion": {
				"value": 0,
				"max": 4
			},
			"minecraft:player.level": {
				"value": 0,
				"max": 24791
			},
			"minecraft:breathable": {
				"totalSupply": 15,
				"suffocateTime": -1,
				"inhaleTime": 3.75,
				"generatesBubbles": false
			},
			"minecraft:nameable": {
				"alwaysShow": true,
				"allowNameTagRenaming": false
			},
			"minecraft:physics": {},
			"minecraft:insomnia": {
				"days_until_insomnia": 3
			},
			"minecraft:rideable": {
				"seat_count": 2,
				"family_types": [
					"parrot_tame"
				],
				"pull_in_entities": true,
				"seats": [
					{
						"position": [
							0.4,
							-0.15,
							0.04
						],
						"min_rider_count": 0,
						"max_rider_count": 0,
						"lock_rider_rotation": 0
					},
					{
						"position": [
							-0.4,
							-0.15,
							0.04
						],
						"min_rider_count": 1,
						"max_rider_count": 2,
						"lock_rider_rotation": 0
					}
				]
			}
		},
		"format_version": "1.6.0"
	}
}