{
	"minecraft:entity": {
		"component_groups": {
			"magica:test_block": {
				"minecraft:transformation": {
					"delay": {
						"value": 0.15,
						"block_assist_chance": 1,
						"block_chance": 1,
						"block_max": 1,
						"block_radius": 10,
						"block_types": [
							"element_0"
						]
					},
					"into": "minecraft:skeleton<magica:on_block_found>"
				},
				"minecraft:timer": {
					"time": 0.1,
					"time_down_event": {
						"event": "magica:on_block_not_found"
					}
				}
			},
			"magica:found_block": {
				"minecraft:timer": {
					"time": 0,
					"time_down_event": {
						"event": "magica:entity_spawned"
					}
				},
				"minecraft:scale": {
					"value": 1
				}
			},
			"magica:not_found_block": {
				"minecraft:timer": {
					"time": 0,
					"time_down_event": {
						"event": "magica:entity_spawned"
					}
				},
				"minecraft:scale": {
					"value": 1
				}
			},
			"levitation110__01f2c89a_e65a": {
				"minecraft:spell_effects": {
					"add_effects": [
						{
							"effect": "levitation",
							"duration": 10,
							"amplifier": 1
						}
					]
				}
			},
			"minecraft:lightning_immune": {
				"minecraft:damage_sensor": [
					{
						"on_damage": {
							"filters": {
								"other_with_families": "lightning"
							}
						},
						"deals_damage": false
					}
				]
			},
			"minecraft:ranged_attack": {
				"minecraft:behavior.ranged_attack": {
					"attack_interval_min": 1,
					"attack_interval_max": 3,
					"attack_radius": 15
				},
				"minecraft:shooter": {
					"type": "Arrow",
					"def": "minecraft:arrow"
				},
				"minecraft:environment_sensor": {
					"on_environment": {
						"filters": {
							"test": "is_underwater",
							"subject": "self",
							"operator": "==",
							"value": true
						},
						"event": "minecraft:melee_mode"
					}
				}
			},
			"minecraft:melee_attack": {
				"minecraft:behavior.melee_attack": {
					"priority": 4,
					"target_dist": 1.2,
					"speed_multiplier": 1.25,
					"track_target": true
				},
				"minecraft:attack": {
					"damage": 3
				},
				"minecraft:environment_sensor": {
					"on_environment": {
						"filters": {
							"test": "in_water",
							"subject": "self",
							"operator": "==",
							"value": false
						},
						"event": "minecraft:ranged_mode"
					}
				}
			}
		},
		"components": {
			"minecraft:scale": {
				"value": 0
			},
			"minecraft:identifier": {
				"id": "minecraft:skeleton"
			},
			"minecraft:collision_box": {
				"width": 0.6,
				"height": 1.95
			},
			"minecraft:type_family": {
				"family": [
					"skeleton",
					"undead",
					"monster"
				]
			},
			"minecraft:breathable": {
				"totalSupply": 15,
				"suffocateTime": 0,
				"breathesWater": true
			},
			"minecraft:burns_in_daylight": {},
			"minecraft:health": {
				"value": 20,
				"max": 20
			},
			"minecraft:loot": {
				"table": "loot_tables/entities/skeleton.json"
			},
			"minecraft:movement": {
				"value": 0.25
			},
			"minecraft:navigation.walk": {
				"is_amphibious": true,
				"avoid_sun": true,
				"avoid_water": true
			},
			"minecraft:movement.basic": {},
			"minecraft:jump.static": {},
			"minecraft:can_climb": {},
			"minecraft:nameable": {},
			"minecraft:equipment": {
				"table": "loot_tables/entities/skeleton_gear.json"
			},
			"minecraft:shooter": {
				"type": "Arrow",
				"def": "minecraft:arrow"
			},
			"minecraft:environment_sensor": {
				"on_environment": {
					"filters": {
						"test": "is_underwater",
						"subject": "self",
						"operator": "==",
						"value": true
					},
					"event": "minecraft:melee_mode"
				}
			},
			"minecraft:behavior.ranged_attack": {
				"attack_interval_min": 1,
				"attack_interval_max": 3,
				"attack_radius": 15
			},
			"minecraft:behavior.hurt_by_target": {
				"priority": 1
			},
			"minecraft:behavior.nearest_attackable_target": {
				"priority": 2,
				"entity_types": [
					{
						"filters": {
							"test": "is_family",
							"subject": "other",
							"value": "player"
						},
						"max_dist": 16
					}
				],
				"must_see": true
			},
			"minecraft:behavior.flee_sun": {
				"priority": 2,
				"speed_multiplier": 1
			},
			"minecraft:behavior.avoid_mob_type": {
				"priority": 4,
				"entity_types": [
					{
						"filters": {
							"test": "is_family",
							"subject": "other",
							"value": "wolf"
						},
						"max_dist": 6,
						"walk_speed_multiplier": 1.2,
						"sprint_speed_multiplier": 1.2
					}
				]
			},
			"minecraft:behavior.random_stroll": {
				"priority": 5,
				"speed_multiplier": 1
			},
			"minecraft:behavior.look_at_player": {
				"priority": 6,
				"look_distance": 8
			},
			"minecraft:behavior.random_look_around": {
				"priority": 6
			},
			"minecraft:physics": {}
		},
		"events": {
			"minecraft:entity_spawned": {
				"add": {
					"component_groups": [
						"magica:test_block",
						"minecraft:ranged_attack"
					]
				}
			},
			"magica:on_block_found": {
				"add": {
					"component_groups": [
						"magica:found_block",
						"levitation110__01f2c89a_e65a"
					]
				},
				"remove": {
					"component_groups": [
						"magica:test_block"
					]
				}
			},
			"magica:on_block_not_found": {
				"add": {
					"component_groups": [
						"magica:not_found_block"
					]
				},
				"remove": {
					"component_groups": [
						"magica:test_block"
					]
				}
			},
			"minecraft:spring_trap": {
				"add": {
					"component_groups": [
						"minecraft:lightning_immune"
					]
				}
			},
			"minecraft:melee_mode": {
				"remove": {
					"component_groups": [
						"minecraft:ranged_attack"
					]
				},
				"add": {
					"component_groups": [
						"minecraft:melee_attack"
					]
				}
			},
			"minecraft:ranged_mode": {
				"remove": {
					"component_groups": [
						"minecraft:melee_attack"
					]
				},
				"add": {
					"component_groups": [
						"minecraft:ranged_attack"
					]
				}
			}
		},
		"format_version": "1.2.0"
	}
}