{
	"format_version": "1.16.100",
	"minecraft:item": {
		"description": {
			"identifier": "ms:golem_spell",
			"category": "equipment"
		},
		"components": {
			"minecraft:foil": true,
			"minecraft:max_stack_size": 1,
			"minecraft:use_duration": 2,
			"minecraft:on_use": {
				"on_use": {
					"event": "ms:on_use"
				}
			},
			"minecraft:cooldown": {
				"category": "golemspell",
				"duration": 120
			},
			"minecraft:display_name": {
				"value": "§5Conjuration Magic: §dGolem Spell\n§bMana/golem: 125\n§4Requires level 15+"
			},
			"minecraft:icon": {
				"texture": "golem_spell"
			}
		},
		"events": {
			"ms:on_use": {
				"sequence": [
					{
						"run_command": {
							"command": [
								"execute @s[scores={mana=500..,magic_LV=15..}] ~~~ function gain_magic_xp",
								"execute @s[scores={mana=125..,magic_LV=15..}] ~~~ summon iron_golem ~1~~ minecraft:from_player",
								"scoreboard players remove @s[scores={mana=125..,magic_LV=15..}] mana 125",
								"execute @s[scores={mana=125..,magic_LV=15..}] ~~~ summon iron_golem ~~~1 minecraft:from_player",
								"scoreboard players remove @s[scores={mana=125..,magic_LV=15..}] mana 125",
								"execute @s[scores={mana=125..,magic_LV=15..}] ~~~ summon iron_golem ~-1~~ minecraft:from_player",
								"scoreboard players remove @s[scores={mana=125..,magic_LV=15..}] mana 125",
								"execute @s[scores={mana=125..,magic_LV=15..}] ~~~ summon iron_golem ~~~-1 minecraft:from_player",
								"scoreboard players remove @s[scores={mana=125..,magic_LV=15..}] mana 125",
								"execute @e[type=iron_golem,c=4] ~~~ particle ms:conjuration_particle ~~2~",
								"function display_mana",
								"playsound mob.evocation_illager.cast_spell @s",
								"execute @s[scores={magic_LV=..14}] ~~~ function cannot_use_spell"
							]
						}
					},
					{
						"swing": {
						}
					}
				]
			}
		}
	}
}