{
  "format_version": "1.16.0",
  "minecraft:entity": {
    "description": {
      "identifier": "ms:fire_boss",
      "is_spawnable": false,
      "is_summonable": true,
      "is_experimental": false,
      "scripts": {
        "animate": [ "fireboss" ]
      },
      "animations": {
        "fireboss": "controller.animation.fire_boss"
      }
    },
    "components": {
      "minecraft:behavior.ranged_attack": {
        "priority": 3,
        "burst_shots": 15,
        "burst_interval": 0.3,
        "charge_charged_trigger": 0.0,
        "charge_shoot_trigger": 1.0,
        "attack_interval_min": 1.0,
        "attack_interval_max": 1.0,
        "attack_radius": 15.0
      },
      "minecraft:shooter": {
        "def": "minecraft:fireball"
      },
      "minecraft:behavior.summon_entity": {
        "summon_choices": [
          {
            "cast_duration": 1,
            "cooldown_time": 5,
            "weight": 2,
            "sequence": [
              {
                "base_delay": 1,
                "entity_type": "blaze",
                "num_entities_spawned": 12,
                "shape": "circle"
              }
            ]
          },
          {
            "cast_duration": 1,
            "cooldown_time": 5,
            "weight": 2,
            "sequence": [
              {
                "base_delay": 5,
                "entity_type": "ghast",
                "shape": "circle"
              }
            ]
          }
        ]
      },
      "minecraft:scale": {
        "value": 2.5
      },
      "minecraft:experience_reward": {
        "on_death": "1000"
      },
      "minecraft:boss": {
        "should_darken_sky": true,
        "hud_range": 100,
        "name": "Fire Guardian"
      },
      "minecraft:damage_sensor": {
        "triggers": {
          "on_damage": {
            "filters": {
              "test": "is_family",
              "subject": "other",
              "value": "undead"
            }
          },
          "deals_damage": false
        }
      },
      "minecraft:health": {
        "value": 600,
        "max": 600
      },
      "minecraft:collision_box": {
        "width": 1,
        "height": 1
      },
      "minecraft:fire_immune": {
      },
      "minecraft:loot": {
        "table": "loot_tables/entities/fire_boss.json"
      },
      "minecraft:nameable": {
      },
      "minecraft:movement": {
        "value": 0.40
      },
      "minecraft:underwater_movement": {
        "value": 0.30
      },
      "minecraft:navigation.walk": {
        "can_path_over_water": false,
        "avoid_water": true
      },
      "minecraft:movement.amphibious": {
        "max_turn":  180.0
      },
      "minecraft:jump.static": {
      },
      "minecraft:can_climb": {
      },
      "minecraft:behavior.hurt_by_target": {
        "priority": 2
      },
      "minecraft:behavior.nearest_attackable_target": {
        "priority": 3,
        "entity_types": [
          {
            "filters": { "test" :  "is_family", "subject" : "other", "value" :  "player"},
            "max_dist": 100
          },
          {
            "filters": {
               "all_of": [
                {
                  "test": "is_family",
                  "subject": "other",
                  "operator": "!=",
                  "value": "undead"
                },
                {
                  "test": "is_family",
                  "subject": "other",
                  "operator": "!=",
                  "value": "inanimate"
                }
              ]
            },
            "max_dist": 100
          }
        ],
        "must_see": true
      },
      "minecraft:behavior.random_stroll": {
        "priority": 5,
        "speed_multiplier": 1
      },
      "minecraft:behavior.look_at_target": {
        "priority": 5
      },
      "minecraft:behavior.look_at_player": {
        "priority": 6,
        "look_distance": 8
      },
      "minecraft:behavior.random_look_around": {
        "priority": 7
      },
      "minecraft:type_family": {
        "family": [ "mob" ]
      },
      "minecraft:persistent": {
      },
      "minecraft:physics": {
      },
      "minecraft:pushable": {
        "is_pushable": true,
        "is_pushable_by_piston": true
      },
      "minecraft:conditional_bandwidth_optimization": {
      }
    },

    "events": {
    }
  }
}