{
   "format_version":"1.8.0",
   "minecraft:entity":{
      "description":{
         "identifier":"ms:lightning_boss_death",
         "runtime_identifier": "minecraft:ender_crystal",
         "is_spawnable":false,
         "is_summonable":true,
         "is_experimental":false
      },
      "components":{
         "minecraft:timer": {
            "looping": false,
            "time": [3.56, 3.56],
            "time_down_event": {
               "event": "ms:explode"
            }
         },
         "minecraft:scale": {
            "value": 2.5
         },
         "minecraft:collision_box": {
            "width": 1,
            "height": 1
          }
      },
      "events": {
         "ms:explode": {
            "run_command": {
               "command": [ "summon ms:explode" ]
            }
         }
      }
   }
}