{
  "format_version": "1.16.0",
  "minecraft:entity": {
    "description": {
      "identifier": "ms:lightning_boss",
      "is_spawnable": false,
      "is_summonable": true,
      "is_experimental": false,
      "scripts": {
        "animate": [ "lightningboss" ]
      },
      "animations": {
        "lightningboss": "controller.animation.lightning_boss"
      }
    },
    "component_groups": {
      "ms:no_animation": {
        "minecraft:variant": {
          "value": 0
        },
        "minecraft:timer": {
          "looping": true,
          "randomInterval": true,
          "time": [5.0, 20.0],
          "time_down_event": {
            "event": "ms:attack"
          }
        }
      },
      "ms:throw_lightning": {
        "minecraft:variant": {
          "value": 1
        },
        "minecraft:timer": {
          "time": [2.08, 2.08],
          "time_down_event": {
            "event": "ms:stop_animation"
          }
        }
      },
      "ms:spawn_creeper": {
        "minecraft:variant": {
          "value": 2
        },
        "minecraft:timer": {
          "time": [2.08, 2.08],
          "time_down_event": {
            "event": "ms:stop_animation"
          }
        }
      }
    },
    "components": {
      "minecraft:behavior.summon_entity": {
        "summon_choices": [
          {
            "cast_duration": 1,
            "cooldown_time": 5,
            "weight": 2,
            "sequence": [
              {
                "base_delay": 1,
                "entity_type": "minecraft:lightning_bolt",
                "num_entities_spawned": 12,
                "shape": "circle"
              }
            ]
          }
        ]
      },
      "minecraft:scale": {
        "value": 2.5
      },
      "minecraft:experience_reward": {
        "on_death": "1000"
      },
      "minecraft:boss": {
        "should_darken_sky": true,
        "hud_range": 100,
        "name": "Lightning Guardian"
      },
      "minecraft:damage_sensor": {
        "triggers": {
          "on_damage": {
            "filters": {
              "test": "is_family",
              "subject": "other",
              "value": "undead"
            }
          },
          "deals_damage": false
        }
      },
      "minecraft:attack": {
        "damage": 20,
        "effect_name": "wither",
        "effect_duration": 5
      },
      "minecraft:behavior.melee_attack": {
        "priority": 3,
        "track_target": true
      },
      "minecraft:health": {
        "value": 100,
        "max": 100
      },
      "minecraft:collision_box": {
        "width": 1,
        "height": 1
      },
      "minecraft:fire_immune": {
      },
      "minecraft:loot": {
        "table": "loot_tables/entities/lightning_boss.json"
      },
      "minecraft:nameable": {
      },
      "minecraft:movement": {
        "value": 0.40
      },
      "minecraft:underwater_movement": {
        "value": 0.30
      },
      "minecraft:navigation.walk": {
        "can_path_over_water": false,
        "avoid_water": true
      },
      "minecraft:movement.amphibious": {
        "max_turn":  180.0
      },
      "minecraft:jump.static": {
      },
      "minecraft:can_climb": {
      },
      "minecraft:behavior.hurt_by_target": {
        "priority": 2
      },
      "minecraft:behavior.nearest_attackable_target": {
        "priority": 3,
        "entity_types": [
          {
            "filters": { "test" :  "is_family", "subject" : "other", "value" :  "player"},
            "max_dist": 100
          },
          {
            "filters": {
               "all_of": [
                {
                  "test": "is_family",
                  "subject": "other",
                  "operator": "!=",
                  "value": "undead"
                },
                {
                  "test": "is_family",
                  "subject": "other",
                  "operator": "!=",
                  "value": "inanimate"
                },
                {
                  "test": "is_family",
                  "subject": "other",
                  "operator": "!=",
                  "value": "creeper"
                }
              ]
            },
            "max_dist": 100
          }
        ],
        "must_see": true
      },
      "minecraft:behavior.random_stroll": {
        "priority": 5,
        "speed_multiplier": 1
      },
      "minecraft:behavior.look_at_target": {
        "priority": 5
      },
      "minecraft:behavior.look_at_player": {
        "priority": 6,
        "look_distance": 8
      },
      "minecraft:behavior.random_look_around": {
        "priority": 7
      },
      "minecraft:type_family": {
        "family": [ "mob" ]
      },
      "minecraft:persistent": {
      },
      "minecraft:physics": {
      },
      "minecraft:pushable": {
        "is_pushable": true,
        "is_pushable_by_piston": true
      },
      "minecraft:on_death": {
        "event": "ms:on_death"
      },
      "minecraft:conditional_bandwidth_optimization": {
      }
    },

    "events": {
      "minecraft:entity_spawned": {
        "add": {
          "component_groups": [
            "ms:no_animation"
          ]
        }
      },
      "ms:attack": {
        "randomize": [
          {
            "run_command": {
              "command": [
                "execute @a[r=50] ~~~ summon lightning_bolt",
                "execute @a[r=50] ~~~ summon creeper ~~~ minecraft:become_charged",
                "execute @a[r=50] ~~~ summon creeper ~~~ minecraft:become_charged",
                "execute @a[r=50] ~~~ summon creeper ~~~ minecraft:become_charged",
                "execute @a[r=50] ~~~ summon creeper ~~~ minecraft:become_charged",
                "execute @a[r=50] ~~~ summon creeper ~~~ minecraft:become_charged"
              ]
            },
            "add": {
              "component_groups": [
                "ms:spawn_creeper"
              ]
            },
            "remove": {
              "component_groups": [
                "ms:no_animation"
              ]
            }
          },
          {
            "run_command": {
              "command": [
                "execute @p[r=50] ~~~ summon lightning_bolt",
                "execute @p[r=50] ~~~ summon lightning_bolt",
                "execute @p[r=50] ~~~ summon lightning_bolt",
                "execute @p[r=50] ~~~ summon lightning_bolt",
                "execute @p[r=50] ~~~ summon lightning_bolt",
                "execute @p[r=50] ~~~ summon lightning_bolt",
                "execute @p[r=50] ~~~ summon lightning_bolt",
                "execute @p[r=50] ~~~ summon lightning_bolt",
                "execute @p[r=50] ~~~ summon lightning_bolt",
                "execute @p[r=50] ~~~ summon lightning_bolt",
                "execute @p[r=50] ~~~ summon lightning_bolt",
                "execute @p[r=50] ~~~ summon lightning_bolt"
              ]
            },
            "add": {
              "component_groups": [
                "ms:throw_lightning"
              ]
            },
            "remove": {
              "component_groups": [
                "ms:no_animation"
              ]
            }
          }
        ]
      },
      "ms:on_death": {
        "run_command": {
          "command": [ "summon ms:lightning_boss_death" ]
        }
      },
      "ms:stop_animation": {
        "remove": {
          "component_groups": [
            "ms:throw_lightning",
            "ms:spawn_creeper"
          ]
        },
        "add": {
          "component_groups": [
            "ms:no_animation"
          ]
        }
      }
    }
  }
}