 {
	"resource_pack_name": "vanilla",
	"texture_name": "atlas.items",
	"texture_data": {
        "shooter_spell": {
            "textures": "textures/items/spells/shooter_spell"
        },
        "spawn_spell_fab": {
            "textures": "textures/items/spell_fabricator"
        },
        "lapis_redstone_blend": {
            "textures": "textures/items/lapis_redstone_blend"
        },
        "magic_dust": {
            "textures": "textures/items/magic_dust"
        },
        "spell_parchment": {
            "textures": "textures/items/spell_parchment"
        },
        "lightning_spell": {
            "textures": "textures/items/spells/lightning_spell"
        },
        "lightning_storm_spell": {
            "textures": "textures/items/spells/lightning_storm_spell"
        },
        "mana_potion": {
            "textures": "textures/items/mana_potion"
        },
        "custom_mana_potion": {
            "textures": "textures/items/custom_mana_potion"
        },
        "fire_spell": {
            "textures": "textures/items/spells/fire_spell"
        },
        "fireball_spell": {
            "textures": "textures/items/spells/fireball_spell"
        },
        "firestorm_spell": {
            "textures": "textures/items/spells/firestorm_spell"
        },
        "wind_spell": {
            "textures": "textures/items/spells/wind_spell"
        },
        "mana_spell": {
            "textures": "textures/items/spells/mana_spell"
        },
        "time_spell": {
            "textures": "textures/items/spells/time_spell"
        },
        "level_orb_red": {
            "textures": "textures/items/level_orb_red"
        },
        "level_orb_orange": {
            "textures": "textures/items/level_orb_orange"
        },
        "level_orb_green": {
            "textures": "textures/items/level_orb_green"
        },
        "water_spell": {
            "textures": "textures/items/spells/water_spell"
        },
        "mindcontrol_spell": {
            "textures": "textures/items/spells/mindcontrol_spell"
        },
        "egg_fire_boss": {
            "textures": "textures/spawn_eggs/fire_boss"
        },
        "fire_boss_tail": {
            "textures": "textures/items/boss_drops/fire_boss_tail"
        },
        "egg_wind_boss": {
            "textures": "textures/spawn_eggs/wind_boss"
        },
        "egg_water_boss": {
            "textures": "textures/spawn_eggs/water_boss"
        },
        "wind_boss_wind": {
            "textures": "textures/items/boss_drops/wind_boss_wind"
        },
        "water_boss_scale": {
            "textures": "textures/items/boss_drops/water_boss_scale"
        },
        "egg_lightning_boss": {
            "textures": "textures/spawn_eggs/lightning_boss"
        },
        "armor_spell": {
            "textures": "textures/items/spells/armor_spell"
        },
        "elemental_helmet": {
            "textures": "textures/items/elemental_helmet"
        },
        "elemental_chestplate": {
            "textures": "textures/items/elemental_chestplate"
        },
        "elemental_leggings": {
            "textures": "textures/items/elemental_leggings"
        },
        "elemental_boots": {
            "textures": "textures/items/elemental_boots"
        },
        "fire_ring_spell": {
            "textures": "textures/items/spells/fire_ring_spell"
        },
        "rain_of_terror_spell": {
            "textures": "textures/items/spells/rain_of_terror_spell"
        },
        "bounty_spell": {
            "textures": "textures/items/spells/bounty_spell"
        },
        "healing_spell": {
            "textures": "textures/items/spells/healing_spell"
        },
        "healing_spell2": {
            "textures": "textures/items/spells/healing_spell2"
        },
        "golem_spell": {
            "textures": "textures/items/spells/golem_spell"
        }
    }
}