{
	"format_version": "1.16.100",
	"minecraft:item": {
		"description": {
			"identifier": "ms:fire_spell",
			"category": "equipment"
		},
		"components": {
			"minecraft:foil": true,
			"minecraft:max_stack_size": 1,
			"minecraft:use_duration": 2,
			"minecraft:on_use": {
				"on_use": {
					"event": "ms:on_use"
				}
			},
			"minecraft:cooldown": {
				"category": "ender_pearl",
				"duration": 1
			},
			"minecraft:display_name": {
				"value": "§cFire Magic: §6Fire Spell\n§bMana/use: 10\n§9Ranged Damage: 12\n§4Requires level 1+"
			},
			"minecraft:icon": {
				"texture": "fire_spell"
			}
		},
		"events": {
			"ms:on_use": {
				"sequence": [
					{
						"shoot": {
							"projectile": "ms:fire_spell",
							"launch_power": 1.0
						}
					},
					{
						"run_command": {
							"command": [
								"tag @s[scores={mana=..9}] add invalid",
								"tag @s[scores={magic_LV=..0}] add invalid",
								"execute @s[tag=invalid] ~~~ tp @e[type=ms:fire_spell,c=1,r=5] ~ -40 ~",
								"tag @s remove invalid",
								"scoreboard players remove @s[scores={mana=10..,magic_LV=1..}] mana 10",
								"execute @s[scores={mana=10..,magic_LV=1..}] ~~~ function gain_magic_xp",
								"function display_mana",
								"playsound firework.launch @s",
								"execute @s[scores={magic_LV=..0}] ~~~ function cannot_use_spell"
							]
						}
					},
					{
						"swing": {
						}
					}
				]
			}
		}
	}
}