{
	"format_version": "1.8.0",
	"geometry.fire_boss": {
		"texturewidth": 64,
		"textureheight": 64,
		"visible_bounds_width": 3,
		"visible_bounds_height": 3,
		"visible_bounds_offset": [0, 1.5, 0],
		"bones": [
			{
				"name": "armRight",
				"pivot": [1, -3, 0],
				"cubes": [
					{"origin": [-5.5, 7, 0], "size": [2, 10, 2], "uv": [20, 24]}
				]
			},
			{
				"name": "armLeft",
				"pivot": [1, -3, 0],
				"cubes": [
					{"origin": [3.5, 7, 0], "size": [2, 10, 2], "uv": [0, 0]}
				]
			},
			{
				"name": "tail",
				"pivot": [0, 9, 5],
				"rotation": [42.5, 0, 0],
				"cubes": [
					{"origin": [-1, 3, 4], "size": [2, 8, 2], "uv": [28, 0]}
				]
			},
			{
				"name": "legLeft",
				"pivot": [1.5, 5, 7],
				"cubes": [
					{"origin": [0.5, 0, 0], "size": [2, 8, 2], "uv": [8, 27]}
				]
			},
			{
				"name": "legRight",
				"pivot": [-1.5, 5, 7],
				"cubes": [
					{"origin": [-2.5, 0, 0], "size": [2, 8, 2], "uv": [0, 27]}
				]
			},
			{
				"name": "upperBody",
				"pivot": [0, 13, 2],
				"rotation": [-90, 0, 0],
				"cubes": [
					{"origin": [-4, 10, -5], "size": [8, 5, 12], "uv": [0, 0]}
				]
			},
			{
				"name": "head",
				"pivot": [0, 22.5, 1],
				"cubes": [
					{"origin": [-3, 19.5, -1], "size": [6, 6, 4], "uv": [0, 17]},
					{"origin": [-3, 25.5, 1], "size": [2, 2, 1], "uv": [28, 24]},
					{"origin": [1, 25.5, 1], "size": [2, 2, 1], "uv": [16, 17]},
					{"origin": [-1.5, 19.51563, -4], "size": [3, 3, 4], "uv": [20, 17]}
				]
			}
		]
	}
}