{
	"format_version": "1.12.0",
	"minecraft:geometry": [
		{
			"description": {
				"identifier": "geometry.spell_fabricator",
				"texture_width": 64,
				"texture_height": 64,
				"visible_bounds_width": 2,
				"visible_bounds_height": 2.5,
				"visible_bounds_offset": [0, 0.75, 0]
			},
			"bones": [
				{
					"name": "block",
					"pivot": [0, 0, 0],
					"cubes": [
						{"origin": [-8, 0, -8], "size": [16, 12, 16], "uv": [0, 0]}
					]
				},
				{
					"name": "top",
					"pivot": [0, 0, 0],
					"cubes": [
						{"origin": [-6, 12, -1], "size": [5, 1, 7], "uv": [0, 28]},
						{"origin": [3, 15, 3], "size": [2, 2, 2], "uv": [0, 5]},
						{"origin": [2, 12, 2], "size": [4, 1, 4], "uv": [0, 0]}
					]
				}
			]
		}
	]
}