{
	"format_version": "1.8.0",
	"geometry.water_boss": {
		"texturewidth": 64,
		"textureheight": 64,
		"visible_bounds_width": 3,
		"visible_bounds_height": 3.5,
		"visible_bounds_offset": [0, 1.25, 0],
		"bones": [
			{
				"name": "body2",
				"pivot": [0, 0, 0]
			},
			{
				"name": "body",
				"parent": "body2",
				"pivot": [0, 16, -13],
				"rotation": [-90, 0, 0],
				"cubes": [
					{"origin": [-4, 22, -20], "size": [8, 7, 13], "uv": [0, 0]}
				]
			},
			{
				"name": "head",
				"parent": "body2",
				"pivot": [0, 0, -3],
				"cubes": [
					{"origin": [-3, 23, -7], "size": [6, 6, 6], "uv": [29, 0]}
				]
			},
			{
				"name": "back_fin",
				"parent": "body2",
				"pivot": [0, 7, 2],
				"rotation": [-30, 0, 0],
				"cubes": [
					{"origin": [-0.5, 9.25, -4], "size": [1, 5, 4], "uv": [0, 20]},
					{"origin": [-0.5, 15.25, -7], "size": [1, 5, 4], "uv": [0, 0]}
				]
			},
			{
				"name": "right_fin",
				"parent": "body2",
				"pivot": [-3, 1, -1],
				"rotation": [0, 25, -20],
				"cubes": [
					{"origin": [-3, 18, -3.5], "size": [8, 1, 4], "uv": [19, 20]}
				]
			},
			{
				"name": "left_fin",
				"parent": "body2",
				"pivot": [3, 1, -1],
				"rotation": [0, -25, 20],
				"cubes": [
					{"origin": [-5, 18, -3.5], "size": [8, 1, 4], "uv": [38, 25]}
				]
			},
			{
				"name": "tailmain",
				"pivot": [0, 0, 0]
			},
			{
				"name": "tail",
				"parent": "tailmain",
				"pivot": [0, 0.5, 4],
				"rotation": [-52.5, 0, 0],
				"cubes": [
					{"origin": [-2, -2, -10], "size": [4, 5, 11], "uv": [19, 25]}
				]
			},
			{
				"name": "tail2",
				"parent": "tailmain",
				"pivot": [0, 3, -2],
				"cubes": [
					{"origin": [-2, 1, 0], "size": [4, 5, 11], "uv": [0, 20]}
				]
			},
			{
				"name": "tail_fin",
				"parent": "tail2",
				"pivot": [0, -4.5, 14],
				"rotation": [-40, 0, 0],
				"cubes": [
					{"origin": [-0.5, -1.75, 1], "size": [1, 4, 3], "uv": [8, 36]}
				]
			},
			{
				"name": "tail_fin2",
				"parent": "tail2",
				"pivot": [0, -4.5, 9],
				"rotation": [-40, 0, 0],
				"cubes": [
					{"origin": [-0.5, -1.75, -4], "size": [1, 4, 3], "uv": [0, 36]}
				]
			},
			{
				"name": "tailbackfin",
				"pivot": [3, 4, 1],
				"rotation": [0, 0, -90],
				"cubes": [
					{"origin": [1.5, 3.25, 9], "size": [1, 7, 6], "uv": [50, 51]}
				]
			}
		]
	}
}