{
  "format_version": "1.16.100",
  "minecraft:item": {
    "description": {
      "category": "equipment",
      "identifier": "jxj:diamond_staff"
    },
    "components": {
      "minecraft:icon": {
        "texture": "jxj_diamond_staff"
      },
      "minecraft:creative_category": {
        "parent": "itemGroup.name.sword"
      },
      "minecraft:max_stack_size": 1,
      "minecraft:use_duration": 1000,
      "minecraft:hand_equipped": true,
      "minecraft:allow_off_hand": true,
      "minecraft:foil": false,
      "minecraft:damageable": {
        "repair_items": [
          "jxj:diamond_staff",
          "minecraft:obsidian"
        ]
      },
      "minecraft:mining_speed": 1,
      "minecraft:damage": 15,
      "minecraft:enchantable": {
        "value": 15,
        "slot": "sword"
      },
      "minecraft:can_destroy_in_creative": false,
      "minecraft:weapon": {},
      "minecraft:render_offsets": "tools",
      "tag:minecraft:is_sword": {},
      "minecraft:display_name": {}
    }
  }
}