{
  "pools": [
      {
          "rolls": 1,
          "entries": [
            {
              "type": "item",
              "name": "minecraft:diamond",
              "weight": 1,
              "functions": [
                {
                    "function": "set_count",
                    "count": {
                        "min": 10,
                        "max": 20
                    }
                }
            ]
            }
          ]
      },
      {
        "rolls": 1,
        "entries": [
          {
            "type": "item",
            "name": "minecraft:lapis_block",
            "weight": 1,
            "functions": [
              {
                  "function": "set_count",
                  "count": {
                      "min": 10,
                      "max": 10
                  }
              }
          ]
          }
        ]
    },
    {
      "rolls": 1,
      "entries": [
        {
          "type": "item",
          "name": "minecraft:redstone_block",
          "weight": 1,
          "functions": [
            {
                "function": "set_count",
                "count": {
                    "min": 10,
                    "max": 10
                }
            }
        ]
        }
      ]
  },
{
  "rolls": 1,
  "entries": [
    {
      "type": "item",
      "name": "ms:level_orb_green",
      "weight": 1,
      "functions": [
        {
            "function": "set_count",
            "count": {
                "min": 10,
                "max": 10
            }
        }
    ]
    }
  ]
}
  ]
}
                    