{
  "pools": [
      {
          "rolls": 1,
          "entries": [
            {
              "type": "item",
              "name": "minecraft:water_bucket",
              "weight": 1,
              "functions": [
                {
                    "function": "set_count",
                    "count": {
                        "min": 1,
                        "max": 9
                    }
                }
            ]
            }
          ]
      },
      {
        "rolls": 1,
        "entries": [
          {
            "type": "item",
            "name": "minecraft:lapis_lazuli",
            "weight": 1,
            "functions": [
              {
                  "function": "set_count",
                  "count": {
                      "min": 52,
                      "max": 64
                  }
              }
          ]
          }
        ]
    },
    {
      "rolls": 1,
      "entries": [
        {
          "type": "item",
          "name": "minecraft:redstone",
          "weight": 1,
          "functions": [
            {
                "function": "set_count",
                "count": {
                    "min": 52,
                    "max": 64
                }
            }
        ]
        }
      ]
  },
{
  "rolls": 1,
  "entries": [
    {
      "type": "item",
      "name": "ms:level_orb_green",
      "weight": 1
    }
  ]
},
{
  "rolls": 1,
  "entries": [
    {
      "type": "item",
      "name": "ms:water_boss_scale",
      "weight": 1
    }
  ]
}
  ]
}
                    