{
  "format_version": "1.13.0",
  "minecraft:structure_template_feature": {
    "description": {
      "identifier": "tunekeshi:witchhouse2"
    },
    "structure_name": "mystructure:witchhouse",
    "adjustment_radius": 3,
    "facing_direction": "random",
    "constraints": {
      "block_intersection": {
        "block_whitelist": [
          "minecraft:grass",
          "minecraft:dirt", 
          "minecraft:stone",
          "minecraft:tallgrass",
          "minecraft:air"
        ]
      }
    }
  }
}
