{
	"format_version": "1.10.0",
	"particle_effect": {
		"description": {
			"identifier": "tunekeshi:knockback_particle",
			"basic_render_parameters": {
				"material": "particles_alpha",
				"texture": "textures/particle/particles"
			}
		},
		"components": {
			"minecraft:emitter_rate_instant": {
				"num_particles": 50
			},
			"minecraft:emitter_lifetime_once": {},
			"minecraft:emitter_shape_point": {
				"offset": ["Math.random(-4, 4)", "Math.random(-4, 4)", "Math.random(-4, 4)"]
			},
			"minecraft:particle_lifetime_expression": {
				"max_lifetime": "Math.random(0.3, 0.5)"
			},
			"minecraft:particle_appearance_billboard": {
				"size": [1, 1],
				"facing_camera_mode": "lookat_xyz",
				"uv": {
					"texture_width": 128,
					"texture_height": 128,
					"flipbook": {
						"base_UV": [0, 80],
						"size_UV": [8, 8],
						"step_UV": [8, 0],
						"frames_per_second": 8,
						"max_frame": 16,
						"stretch_to_lifetime": true
					}
				}
			},
			"minecraft:particle_appearance_tinting": {
				"color": ["Math.clamp(variable.particle_random_1 * 0.6 + 0.4, 0, 1)", "Math.clamp(variable.particle_random_1 * 0.6 + 0.4, 0, 1)", "Math.clamp(variable.particle_random_1 * 0.6 + 0.4, 0, 1)", 1]
			}
		}
	}
}
