{
   "format_version": "1.16.100",
   "minecraft:block": {
      "description": {
         "identifier": "ms:spell_fabricator",
         "register_to_creative_menu": false
      },
      "components": {
         "minecraft:material_instances": {
            "*": {
               "texture": "spell_fabricator",
               "render_method": "alpha_test"
            }
         },
         "minecraft:pick_collision": {
             "origin":  [-8, 0, -8],
             "size":    [16, 16, 16]
         },
         "minecraft:on_step_on": {
            "event": "ms:display_magic_level"
         },
         "minecraft:destroy_time": 1,
         "minecraft:geometry": "geometry.spell_fabricator",
         "minecraft:loot": "loot_tables/blocks/spell_fabricator.json",
         "minecraft:crafting_table": {
            "custom_description": "Spell Crafter",
            "grid_size": 3,
            "crafting_tags": ["ms:spell_fabricator"]
         }
      },
      "events": {
         "ms:display_magic_level": {
            "run_command": {
               "command": "execute @p ~~~ function display_magic_level"
            }
         }
      }
   }
}