{
  "format_version": "1.10.0",
  "animation_controllers": {
    "controller.animation.ice": {
      "states": {
        "default": {
          "transitions": [
            { "kill_start": "query.variant == 1" },
            { "command": "(1.0)" }
          ],
          "on_entry": [
            "/tp @e[r=2,type=!player,type=!tunekeshi:ice3] ~ ~ ~",
            "/tp @s @e[r=2,type=!player,type=!tunekeshi:ice3]",
            "/effect @e[r=2,type=!player,type=!tunekeshi:ice] weakness 1 255 true",
            "/effect @e[r=2,type=!player,type=!tunekeshi:ice] wither 1 255 true",
            "/execute @s ~ ~ ~ detect ~ ~-0.1 ~ air 0 tp @s ~ ~-0.1 ~"
          ]
        },
        "command": {
          "transitions": [
            { "kill_start": "query.variant == 1" },
            { "default": "(1.0)" }
          ]
        },
        "kill_start": {
          "transitions": [
            { "default": "query.variant != 1" }
          ]
        }
      }
    },
    "controller.animation.ice_1": {
      "states": {
        "default": {
          "on_entry": [
            "/playsound random.glass @a ~ ~ ~",
            "/playsound random.glass @a ~ ~ ~",
            "/playsound random.glass @a ~ ~ ~",
            "/playsound random.glass @a ~ ~ ~",
            "/playsound random.glass @a ~ ~ ~"
          ],
          "transitions": [
            { "kill_start": "query.variant == 1" },
            { "end": "variable.life_time = variable.life_time <= 60 ? variable.life_time + 1:0; return variable.life_time == 0;" }
          ]
        },
        "end": {
          "on_entry": [
            "@s end"
          ],
          "transitions": [
            { "kill_start": "query.variant == 1" }
          ]
        },
        "kill_start": {
          "transitions": [
            { "default": "query.variant != 1" }
          ]
        }
      }
    }
  }
}
