{"format_version":"1.10.0","animation_controllers":{"controller.animation.mana":{"states":{"default":{"transitions":[{"mana":"query.get_equipped_item_name == 'magic_wand'"}]},"mana":{"on_entry":["/titleraw @s[scores={mana=..99}] actionbar {\"rawtext\":[{\"text\":\"§bMANA §f: \"},{\"score\":{\"name\":\"@s\",\"objective\":\"mana\"}}]}","/titleraw @s[scores={mana=100}] actionbar {\"rawtext\":[{\"text\":\"§bMANA §f: \"},{\"score\":{\"name\":\"@s\",\"objective\":\"mana\"}}]}"],"transitions":[{"default":"(1.0)"}]}}}}}
