{
   "format_version":"1.16.200",
   "minecraft:entity":{
      "description":{
         "identifier":"ms:spawn_water_boss",
         "is_spawnable":false,
         "is_summonable":true,
         "is_experimental":false
      },
      "components":{
         "minecraft:scale": {
            "value": 0
         },
         "minecraft:environment_sensor": {
            "triggers": [
              {
                "filters": {
                  "test": "has_biome_tag",
                  "operator": "==",
                  "value": "deep"
                },
                "event": "ms:success"
              },
              {
               "filters": {
                  "test": "has_biome_tag",
                  "operator": "!=",
                  "value": "deep"
                },
                "event": "ms:failed"
              }
            ]
          },
         "minecraft:physics": {
            "has_collision": false,
            "has_gravity": false
         }
      },
      "events": {
         "ms:failed": {
            "run_command": {
               "command": [ "function bosses/water_boss_failspawn", "tp @s ~ -40 ~"]
            }
         },
         "ms:success": {
            "run_command": {
               "command": [
                  "execute @s ~~~ detect ~~~ water 0 summon ms:water_boss",
                  "execute @s ~~~ detect ~~~ water 0 clear @p ms:egg_water_boss 0 1",
                  "execute @s ~~~ detect ~~~ air 0 function bosses/water_boss_failspawn",
                  "tp @s ~ -40 ~"
               ]
            }
         }
      }
   }
}