{
  "format_version": "1.12",
  "minecraft:recipe_shaped": {
    "description": {
    "identifier": "ms:egg_lightning_boss"
    },

    
    "tags": [ "crafting_table" ],
    "pattern": [
      "BBB",
      "FBN",
      "BBB"
    ],
    "key": {
      "B": {
        "item": "minecraft:gunpowder"
      },
      "N": {
        "item": "ms:water_boss_scale"
      },
      "F": {
        "item": "ms:lightning_spell"
      }
    },
    "result": {
      "item": "ms:egg_lightning_boss"
    }
  }
}
