{
  "format_version": "1.12",
  "minecraft:recipe_shaped": {
    "description": {
    "identifier": "ms:egg_fire_boss"
    },

    
    "tags": [ "crafting_table" ],
    "pattern": [
      "BTB",
      "FTN",
      "BTB"
    ],
    "key": {
      "B": {
        "item": "minecraft:blaze_rod"
      },
      "N": {
        "item": "minecraft:netherstar"
      },
      "F": {
        "item": "ms:fire_spell"
      },
      "T": {
        "item": "minecraft:tnt"
      }
    },
    "result": {
      "item": "ms:egg_fire_boss"
    }
  }
}
