{
  "format_version": "1.12",
  "minecraft:recipe_shaped": {
    "description": {
    "identifier": "ms:egg_water_boss"
    },

    
    "tags": [ "crafting_table" ],
    "pattern": [
      "BTB",
      "FTN",
      "BTB"
    ],
    "key": {
      "B": {
        "item": "minecraft:gunpowder"
      },
      "N": {
        "item": "ms:wind_boss_wind"
      },
      "F": {
        "item": "ms:water_spell"
      },
      "T": {
        "item": "minecraft:water_bucket"
      }
    },
    "result": {
      "item": "ms:egg_water_boss"
    }
  }
}
