{
  "resource_pack_name": "vanilla",
  "texture_name": "atlas.items",
  "texture_data": {
		"magic_stone": {
			"textures": [
				"textures/items/magic_stone"
			]
		},
		"bousi": {
			"textures": [
				"textures/items/bousi"
			]
		},
  "fuku": {
			"textures": [
				"textures/items/fuku"
			]
		},
		"magic_wand": {
			"textures": [
				"textures/items/magic_wand"
			]
		},
		"magic_book1": {
			"textures": [
				"textures/items/magic_book1"
			]
		},
	 "magic_book2": {
			"textures": [
				"textures/items/magic_book2"
			]
		},
		"magic_book3": {
			"textures": [
				"textures/items/magic_book3"
			]
		},
		"magic_book4": {
			"textures": [
				"textures/items/magic_book4"
			]
		},
		"magic_book5": {
			"textures": [
				"textures/items/magic_book5"
			]
		},
		"magic_book6": {
			"textures": [
				"textures/items/magic_book6"
			]
		},
	 "magic_book7": {
			"textures": [
				"textures/items/magic_book7"
			]
		},
		"magic_book8": {
			"textures": [
				"textures/items/magic_book8"
			]
		},
		"magic_book9": {
			"textures": [
				"textures/items/magic_book9"
			]
		},
		"magic_book10": {
			"textures": [
				"textures/items/magic_book10"
			]
		},
		"magic_book11": {
			"textures": [
				"textures/items/magic_book11"
			]
		},
		"magic_book12": {
			"textures": [
				"textures/items/magic_book12"
			]
		},
		"magic_book13": {
			"textures": [
				"textures/items/magic_book13"
			]
		},
		"magic_book14": {
			"textures": [
				"textures/items/magic_book14"
			]
		},
		"magic_book15": {
			"textures": [
				"textures/items/magic_book15"
			]
		}
   }
}
