{
  "format_version": "1.10.0",
  "animation_controllers": {
    "controller.animation.jxj_fireball_v3_fix": {
      "initial_state": "default",
      "states": {
        "default": {
          "transitions": [
            {
              "shoot": "query.mark_variant == 1 && query.get_equipped_item_name=='fireball_v3_fix' && query.item_remaining_use_duration > 1"
            }
          ]
        },
        "shoot": {
          "transitions": [
            {
              "default": "query.mark_variant == 1 && query.get_equipped_item_name=='fireball_v3_fix' && query.item_remaining_use_duration > 1"
            }
          ],
          "on_entry": [
            "@s jxj:fireball_v3_fix_fire",
            "/playsound jxj_fireball_v3_fix_shot"
          ],
          "on_exit": [
            "/clear @s jxj:fireball_v3_fix 0 1"
          ]
        }
      }
    }
  }
}