{
  "format_version": "1.10.0",
  "animation_controllers": {
    "controller.animation.jxj_magic_staff_v2": {
      "initial_state": "default",
      "states": {
        "default": {
          "transitions": [
            {
              "shoot": "query.mark_variant == 1 && query.get_equipped_item_name=='magic_staff_v2' && query.item_remaining_use_duration > 2"
            }
          ]
        },
        "shoot": {
          "transitions": [
            {
              "default": "query.mark_variant == 1 && query.get_equipped_item_name=='magic_staff_v2' && query.item_remaining_use_duration > 2"
            }
          ],
          "on_entry": [
            "@s jxj:magic_staff_v2_fire",
            "/playsound jxj_magic_staff_v2_shot"
          ],
          "on_exit": [
            "/clear @s jxj:magic_staff_v2 0 1"
          ]
        }
      }
    }
  }
}