{
  "format_version": "1.10.0",
  "animation_controllers": {
    "controller.animation.jxj_bullet_v2_1": {
      "initial_state": "default",
      "states": {
        "default": {
          "transitions": [
            {
              "shoot": "query.mark_variant == 1 && query.get_equipped_item_name=='bullet_v2_1' && query.item_remaining_use_duration > 3"
            }
          ]
        },
        "shoot": {
          "transitions": [
            {
              "default": "query.mark_variant == 1 && query.get_equipped_item_name=='bullet_v2_1' && query.item_remaining_use_duration > 3"
            }
          ],
          "on_entry": [
            "@s jxj:bullet_v2_1_fire",
            "/playsound jxj_bullet_v2_1_shot"
          ],
          "on_exit": [
            "/clear @s jxj:bullet_v2_1 0 1"
          ]
        }
      }
    }
  }
}