{
	"format_version": "1.8.0",
	"animations": {
		"animation.fire_boss.walk": {
			"loop": true,
			"animation_length": 1.565,
			"anim_time_update": "query.modified_move_speed",
			"bones": {
				"legRight": {
					"rotation": {
						"0.0": [0, 0, 0],
						"0.52": [-22.5, 0, 0],
						"1.04": [22.5, 0, 0],
						"1.56": [0, 0, 0]
					},
					"position": {
						"0.0": [0, 0, 0],
						"0.52": [0, -2, -2],
						"1.04": [0, 3, 2],
						"1.56": [0, 0, 0]
					},
					"scale": [1, 1.1, 1]
				},
				"legLeft": {
					"rotation": {
						"0.0": [0, 0, 0],
						"0.52": [22.5, 0, 0],
						"1.04": [-22.5, 0, 0],
						"1.56": [0, 0, 0]
					},
					"position": {
						"0.0": [0, 0, 0],
						"0.52": [0, 3, 2],
						"1.04": [0, -2, -2],
						"1.56": [0, 0, 0]
					},
					"scale": {
						"0.52": [1, 1.2, 1],
						"1.04": [1, 1.1, 1]
					}
				},
				"tail": {
					"rotation": {
						"0.0": [0, 0, 0],
						"0.52": [0, 0, 0],
						"1.04": [82.5, 0, 0],
						"1.56": [0, 0, 0]
					},
					"position": {
						"0.0": [0, 0, 0],
						"0.52": [0, 0, 0],
						"1.04": [0, 1, 0],
						"1.56": [0, 0, 0]
					}
				},
				"armRight": {
					"rotation": {
						"0.0": [0, 0, 0],
						"0.52": [-22.5, 0, 0],
						"1.04": [22.5, 0, 0],
						"1.56": [0, 0, 0]
					},
					"position": {
						"0.0": [0, 0, 0],
						"0.52": [0, 1, -7],
						"1.04": [0, 0, 7],
						"1.56": [0, 0, 0]
					}
				},
				"armLeft": {
					"rotation": {
						"0.0": [0, 0, 0],
						"0.52": [22.5, 0, 0],
						"1.04": [-22.5, 0, 0],
						"1.56": [0, 0, 0]
					},
					"position": {
						"0.0": [0, 0, 0],
						"0.52": [0, 0, 7],
						"1.04": [0, 1, -7],
						"1.56": [0, 0, 0]
					}
				}
			}
		}
	}
}