{
	"format_version": "1.8.0",
	"animations": {
		"animation.water_boss.swim": {
			"loop": true,
			"animation_length": 7.32,
			"bones": {
				"tail": {
					"rotation": {
						"0.0": [0, 0, 0],
						"0.52": [52.5, 0, 0],
						"1.04": [50, 0, 0],
						"1.56": [52.5, 0, 0],
						"2.08": [47.5, 0, 0],
						"2.6": [50, 0, 0],
						"3.12": [52.5, 0, 0],
						"3.64": [47.5, 0, 0],
						"4.16": [50, 0, 0],
						"4.68": [52.5, 0, 0],
						"5.2": [47.5, 0, 0],
						"5.72": [50, 0, 0],
						"6.24": [52.5, 0, 0],
						"6.76": [47.5, 0, 0],
						"7.28": [0, 0, 0]
					},
					"position": {
						"0.0": [0, 0, 0],
						"0.52": [0, 5, 0],
						"1.04": [0, 5, -1],
						"1.56": [0, 5, 0],
						"2.08": [0, 5, -1],
						"2.6": [0, 5, -1],
						"3.12": [0, 5, 0],
						"3.64": [0, 5, -1],
						"4.16": [0, 5, -1],
						"4.68": [0, 5, 0],
						"5.2": [0, 5, -1],
						"5.72": [0, 5, -1],
						"6.24": [0, 5, 0],
						"6.76": [0, 5, -1],
						"7.28": [0, 0, 0]
					},
					"scale": {
						"0.0": [1, 1, 1],
						"0.52": [1.7, 1.2, 1],
						"1.04": [1.7, 1.1, 1],
						"1.56": [1.7, 1.2, 1],
						"2.08": [1.7, 1.1, 1],
						"2.6": [1.7, 1.1, 1],
						"3.12": [1.7, 1.2, 1],
						"3.64": [1.7, 1.1, 1],
						"4.16": [1.7, 1.1, 1],
						"4.68": [1.7, 1.2, 1],
						"5.2": [1.7, 1.1, 1],
						"5.72": [1.7, 1.1, 1],
						"6.24": [1.7, 1.2, 1],
						"6.76": [1.7, 1.1, 1],
						"7.28": [1, 1, 1]
					}
				},
				"tail2": {
					"rotation": {
						"0.0": [0, 0, 0],
						"0.52": [0, 0, 0],
						"1.04": [12.5, 0, 0],
						"1.56": [0, 0, 0],
						"2.08": [-20, 0, 0],
						"2.6": [12.5, 0, 0],
						"3.12": [0, 0, 0],
						"3.64": [-20, 0, 0],
						"4.16": [12.5, 0, 0],
						"4.68": [0, 0, 0],
						"5.2": [-20, 0, 0],
						"5.72": [12.5, 0, 0],
						"6.24": [0, 0, 0],
						"6.76": [-20, 0, 0],
						"7.28": [0, 0, 0]
					},
					"position": {
						"0.0": [0, 0, 0],
						"0.52": [0, 2, 0],
						"1.04": [0, 2, -1],
						"1.56": [0, 2, 0],
						"2.08": [0, 3, -1],
						"2.6": [0, 2, -1],
						"3.12": [0, 2, 0],
						"3.64": [0, 3, -1],
						"4.16": [0, 2, -1],
						"4.68": [0, 2, 0],
						"5.2": [0, 3, -1],
						"5.72": [0, 2, -1],
						"6.24": [0, 2, 0],
						"6.76": [0, 3, -1],
						"7.28": [0, 0, 0]
					}
				},
				"body2": {
					"rotation": {
						"0.0": [0, 0, 0],
						"0.52": [90, 0, 0],
						"1.04": [70, 0, 0],
						"1.56": [90, 0, 0],
						"2.08": [97.5, 0, 0],
						"2.6": [70, 0, 0],
						"3.12": [90, 0, 0],
						"3.64": [97.5, 0, 0],
						"4.16": [70, 0, 0],
						"4.68": [90, 0, 0],
						"5.2": [97.5, 0, 0],
						"5.72": [70, 0, 0],
						"6.24": [90, 0, 0],
						"6.76": [97.5, 0, 0],
						"7.28": [0, 0, 0]
					},
					"position": {
						"0.0": [0, 0, 0],
						"0.52": [0, 9, 0],
						"1.04": [0, 6, 0],
						"1.56": [0, 9, 0],
						"2.08": [0, 11, 0],
						"2.6": [0, 6, 0],
						"3.12": [0, 9, 0],
						"3.64": [0, 11, 0],
						"4.16": [0, 6, 0],
						"4.68": [0, 9, 0],
						"5.2": [0, 11, 0],
						"5.72": [0, 6, 0],
						"6.24": [0, 9, 0],
						"6.76": [0, 11, 0],
						"7.28": [0, 0, 0]
					}
				},
				"tailbackfin": {
					"rotation": {
						"0.0": [0, 0, 0],
						"0.52": [0, 0, 0],
						"1.04": [0, 27.5, 0],
						"1.56": [0, 0, 0],
						"2.08": [0, -15, 0],
						"2.6": [0, 27.5, 0],
						"3.12": [0, 0, 0],
						"3.64": [0, -15, 0],
						"4.16": [0, 27.5, 0],
						"4.68": [0, 0, 0],
						"5.2": [0, -15, 0],
						"5.72": [0, 27.5, 0],
						"6.24": [0, 0, 0],
						"6.76": [0, -15, 0],
						"7.28": [0, 0, 0]
					},
					"position": {
						"0.0": [0, 0, 0],
						"0.52": [0, 3, 0],
						"1.04": [0, 1, 0],
						"1.56": [0, 3, 0],
						"2.08": [0, 2, -1],
						"2.6": [0, 1, 0],
						"3.12": [0, 3, 0],
						"3.64": [0, 2, -1],
						"4.16": [0, 1, 0],
						"4.68": [0, 3, 0],
						"5.2": [0, 2, -1],
						"5.72": [0, 1, 0],
						"6.24": [0, 3, 0],
						"6.76": [0, 2, -1],
						"7.28": [0, 0, 0]
					}
				}
			}
		},
		"animation.water_boss.switch_to_default": {
			"animation_length": 0.52,
			"bones": {
				"body2": {
					"rotation": {
						"0.0": [90, 0, 0],
						"0.52": [0, 0, 0]
					},
					"position": {
						"0.0": [0, 9, 0],
						"0.52": [0, 0, 0]
					}
				},
				"tail": {
					"rotation": {
						"0.0": [52.5, 0, 0],
						"0.52": [0, 0, 0]
					},
					"position": {
						"0.0": [0, 5, 0],
						"0.52": [0, 0, 0]
					},
					"scale": {
						"0.0": [1.7, 1.2, 1],
						"0.52": [1, 1, 1]
					}
				},
				"tail2": {
					"rotation": {
						"0.0": [0, 0, 0],
						"0.52": [0, 0, 0]
					},
					"position": {
						"0.0": [0, 2, 0],
						"0.52": [0, 0, 0]
					}
				},
				"tailbackfin": {
					"rotation": {
						"0.0": [0, 0, 0],
						"0.52": [0, 0, 0]
					},
					"position": {
						"0.0": [0, 3, 0],
						"0.52": [0, 0, 0]
					}
				}
			}
		},
		"animation.water_boss.walk": {
			"loop": true,
			"animation_length": 6.76,
			"bones": {
				"body2": {
					"rotation": {
						"0.0": [0, 0, 0],
						"0.52": [90, 0, 0],
						"1.04": [90, 0, 0],
						"1.56": [90, 0, 0],
						"2.08": [90, 0, 0],
						"2.6": [90, 0, 0],
						"3.12": [90, 0, 0],
						"3.64": [90, 0, 0],
						"4.16": [90, 0, 0],
						"4.68": [90, 0, 0],
						"5.2": [90, 0, 0],
						"5.72": [90, 0, 0],
						"6.24": [90, 0, 0],
						"6.76": [0, 0, 0]
					},
					"position": {
						"0.0": [0, 0, 0],
						"0.52": [0, 9, 0],
						"1.04": [0, 9, 0],
						"1.56": [0, 9, 0],
						"2.08": [0, 9, 0],
						"2.6": [0, 9, 0],
						"3.12": [0, 9, 0],
						"3.64": [0, 9, 0],
						"4.16": [0, 9, 0],
						"4.68": [0, 9, 0],
						"5.2": [0, 9, 0],
						"5.72": [0, 9, 0],
						"6.24": [0, 9, 0],
						"6.76": [0, 0, 0]
					}
				},
				"right_fin": {
					"rotation": {
						"0.0": [0, 0, 0],
						"0.52": [0, 0, -25],
						"1.04": [0, 0, 0],
						"1.56": [0, 0, 35],
						"2.08": [0, 0, 0],
						"2.6": [0, 0, -25],
						"3.12": [0, 0, 0],
						"3.64": [0, 0, 35],
						"4.16": [0, 0, 0],
						"4.68": [0, 0, -25],
						"5.2": [0, 0, 0],
						"5.72": [0, 0, 35],
						"6.24": [0, 0, 0],
						"6.76": [0, 0, 0]
					},
					"position": {
						"0.0": [0, 0, 0],
						"0.52": [8, 2, 0],
						"1.04": [0, 0, 0],
						"1.56": [-10, 2, 0],
						"2.08": [0, 0, 0],
						"2.6": [8, 2, 0],
						"3.12": [0, 0, 0],
						"3.64": [-10, 2, 0],
						"4.16": [0, 0, 0],
						"4.68": [8, 2, 0],
						"5.2": [0, 0, 0],
						"5.72": [-10, 2, 0],
						"6.24": [0, 0, 0],
						"6.76": [0, 0, 0]
					}
				},
				"left_fin": {
					"rotation": {
						"0.0": [0, 0, 0],
						"0.52": [0, 0, 25],
						"1.04": [0, 0, 0],
						"1.56": [0, 0, -35],
						"2.08": [0, 0, 0],
						"2.6": [0, 0, 25],
						"3.12": [0, 0, 0],
						"3.64": [0, 0, -35],
						"4.16": [0, 0, 0],
						"4.68": [0, 0, 25],
						"5.2": [0, 0, 0],
						"5.72": [0, 0, -35],
						"6.24": [0, 0, 0],
						"6.76": [0, 0, 0]
					},
					"position": {
						"0.0": [0, 0, 0],
						"0.52": [-8, 2, 0],
						"1.04": [0, 0, 0],
						"1.56": [10, 2, 0],
						"2.08": [0, 0, 0],
						"2.6": [-8, 2, 0],
						"3.12": [0, 0, 0],
						"3.64": [10, 2, 0],
						"4.16": [0, 0, 0],
						"4.68": [-8, 2, 0],
						"5.2": [0, 0, 0],
						"5.72": [10, 2, 0],
						"6.24": [0, 0, 0],
						"6.76": [0, 0, 0]
					}
				},
				"tail": {
					"rotation": {
						"0.0": [0, 0, 0],
						"0.52": [52.5, 0, 0],
						"1.04": [52.5, 0, 0],
						"1.56": [52.5, 0, 0],
						"2.08": [52.5, 0, 0],
						"2.6": [52.5, 0, 0],
						"3.12": [52.5, 0, 0],
						"3.64": [52.5, 0, 0],
						"4.16": [52.5, 0, 0],
						"4.68": [52.5, 0, 0],
						"5.2": [52.5, 0, 0],
						"5.72": [52.5, 0, 0],
						"6.24": [52.5, 0, 0],
						"6.76": [0, 0, 0]
					},
					"position": {
						"0.0": [0, 0, 0],
						"0.52": [0, 5, 0],
						"1.04": [0, 5, 0],
						"1.56": [0, 5, 0],
						"2.08": [0, 5, 0],
						"2.6": [0, 5, 0],
						"3.12": [0, 5, 0],
						"3.64": [0, 5, 0],
						"4.16": [0, 5, 0],
						"4.68": [0, 5, 0],
						"5.2": [0, 5, 0],
						"5.72": [0, 5, 0],
						"6.24": [0, 5, 0],
						"6.76": [0, 0, 0]
					},
					"scale": {
						"0.0": [1, 1, 1],
						"0.52": [1.7, 1.2, 1],
						"1.04": [1.7, 1.2, 1],
						"1.56": [1.7, 1.2, 1],
						"2.08": [1.7, 1.2, 1],
						"2.6": [1.7, 1.2, 1],
						"3.12": [1.7, 1.2, 1],
						"3.64": [1.7, 1.2, 1],
						"4.16": [1.7, 1.2, 1],
						"4.68": [1.7, 1.2, 1],
						"5.2": [1.7, 1.2, 1],
						"5.72": [1.7, 1.2, 1],
						"6.24": [1.7, 1.2, 1],
						"6.76": [1, 1, 1]
					}
				},
				"tail2": {
					"rotation": {
						"0.0": [0, 0, 0],
						"0.52": [0, 0, 0],
						"1.04": [0, 0, 0],
						"1.56": [0, 0, 0],
						"2.08": [0, 0, 0],
						"2.6": [0, 0, 0],
						"3.12": [0, 0, 0],
						"3.64": [0, 0, 0],
						"4.16": [0, 0, 0],
						"4.68": [0, 0, 0],
						"5.2": [0, 0, 0],
						"5.72": [0, 0, 0],
						"6.24": [0, 0, 0],
						"6.76": [0, 0, 0]
					},
					"position": {
						"0.0": [0, 0, 0],
						"0.52": [0, 2, 0],
						"1.04": [0, 2, 0],
						"1.56": [0, 2, 0],
						"2.08": [0, 2, 0],
						"2.6": [0, 2, 0],
						"3.12": [0, 2, 0],
						"3.64": [0, 2, 0],
						"4.16": [0, 2, 0],
						"4.68": [0, 2, 0],
						"5.2": [0, 2, 0],
						"5.72": [0, 2, 0],
						"6.24": [0, 2, 0],
						"6.76": [0, 0, 0]
					}
				},
				"tailbackfin": {
					"rotation": {
						"0.0": [0, 0, 0],
						"0.52": [0, 0, 0],
						"1.04": [0, 0, 0],
						"1.56": [0, 0, 0],
						"2.08": [0, 0, 0],
						"2.6": [0, 0, 0],
						"3.12": [0, 0, 0],
						"3.64": [0, 0, 0],
						"4.16": [0, 0, 0],
						"4.68": [0, 0, 0],
						"5.2": [0, 0, 0],
						"5.72": [0, 0, 0],
						"6.24": [0, 0, 0],
						"6.76": [0, 0, 0]
					},
					"position": {
						"0.0": [0, 0, 0],
						"0.52": [0, 3, 0],
						"1.04": [0, 3, 0],
						"1.56": [0, 3, 0],
						"2.08": [0, 3, 0],
						"2.6": [0, 3, 0],
						"3.12": [0, 3, 0],
						"3.64": [0, 3, 0],
						"4.16": [0, 3, 0],
						"4.68": [0, 3, 0],
						"5.2": [0, 3, 0],
						"5.72": [0, 3, 0],
						"6.24": [0, 3, 0],
						"6.76": [0, 0, 0]
					}
				}
			}
		},
		"animation.water_boss.death": {
			"animation_length": 5.24,
			"bones": {
				"body2": {
					"rotation": {
						"0.0": [0, 0, 0],
						"3.12": [0, -360, 0]
					},
					"position": {
						"0.0": [0, 0, 0],
						"3.12": [0, 40, 0]
					}
				},
				"body": {
					"position": {
						"0.0": [0, 0, 0],
						"3.12": [0, -1, 0],
						"5.2": [0, -68, 0]
					}
				},
				"head": {
					"position": {
						"0.0": [0, 0, 0],
						"3.12": [0, 0, 0],
						"5.2": [-14, -63, 0]
					}
				},
				"back_fin": {
					"position": {
						"0.0": [0, 0, 0],
						"3.12": [0, 0, 0],
						"5.2": [0, -61, 18]
					}
				},
				"right_fin": {
					"position": {
						"0.0": [0, 0, 0],
						"3.12": [0, 0, 0],
						"5.2": [0, -64, 0]
					}
				},
				"left_fin": {
					"position": {
						"0.0": [0, 0, 0],
						"3.12": [0, 0, 0],
						"5.2": [13, -48, 0]
					}
				},
				"tail": {
					"rotation": {
						"0.0": [0, 0, 0],
						"3.12": [0, -360, 0]
					},
					"position": {
						"0.0": [0, 0, 0],
						"3.12": [0, 40, 0],
						"5.2": [0, -10, -12]
					}
				},
				"tail2": {
					"rotation": {
						"0.0": [0, 0, 0],
						"3.12": [0, -360, 0]
					},
					"position": {
						"0.0": [0, 0, 0],
						"3.12": [0, 40, 0],
						"5.2": [0, -10, 0]
					}
				},
				"tailbackfin": {
					"rotation": {
						"0.0": [0, 0, 0],
						"3.12": [0, -360, 0]
					},
					"position": {
						"0.0": [0, 0, 0],
						"3.12": [0, 40, 0],
						"5.2": [0, -10, 0]
					}
				}
			}
		}
	}
}