{
	"format_version": "1.16.100",
	"minecraft:item": {
		"description": {
			"identifier": "ms:elemental_chestplate",
			"category": "equipment"
		},
		"components": {
			"minecraft:foil": true,
			"minecraft:max_stack_size": 1,
			"minecraft:armor": {
				"protection": 10
			},
			"minecraft:durability": {
				"max_durability": 20
			},
			"minecraft:knockback_resistance": {
				"protection": 1.0
			},
			"minecraft:wearable": {
				"slot": "slot.armor.chest"
			},
			"minecraft:icon": {
				"texture": "elemental_chestplate"
			},
			"minecraft:display_name": {
				"value": "§5Conjuration Item: §dElemental Chestplate"
			}
		}
	}
}