{
  "format_version": "1.8.0",
  "minecraft:client_entity": {
    "description": {
      "identifier": "ms:lightning_boss",
      "materials": {
        "default": "entity"
      },
      "textures": {
        "default": "textures/entities/lightning_boss"
      },
      "geometry": {
        "default": "geometry.lightning_boss"
      },
      "animations": {
        "walk": "animation.lightning_boss.walk",
        "spawn_creeper": "animation.lightning_boss.spawn_creeper",
        "throw_lightning": "animation.lightning_boss.throw_lightning"
      },
      "animation_controllers": [
        { "move": "controller.animation.lightning_boss" }
      ],
      "render_controllers": [ "controller.render.cow" ]
    }
  }
}