{
  "format_version": "1.8.0",
  "minecraft:client_entity": {
    "description": {
      "identifier": "ms:lightning_boss_death",
      "materials": {
        "default": "zombie"
      },
      "textures": {
        "default": "textures/entities/lightning_boss"
      },
      "geometry": {
        "default": "geometry.fire_boss"
      },
      "animations": {
        "walk": "animation.lightning_boss.death"
      },
      "animation_controllers": [
        { "move": "controller.animation.lightning_boss_death" }
      ],
      "render_controllers": [ "controller.render.zombie" ]
    }
  }
}