{
  "format_version": "1.8.0",
  "minecraft:client_entity": {
    "description": {
      "identifier": "ms:wind_boss",
      "materials": {
        "default": "zombie"
      },
      "textures": {
        "default": "textures/entities/wind_boss"
      },
      "geometry": {
        "default": "geometry.wind_boss"
      },
      "animations": {
        "rotate_wind": "animation.wind_boss.rotate_wind",
        "throw_trident": "animation.wind_boss.throw_trident"
      },
      "animation_controllers": [
        { "move": "controller.animation.wind_boss" }
      ],
      "render_controllers": [ "controller.render.zombie" ]
    }
  }
}