{
	"format_version": "1.16.100",
	"minecraft:item": {
		"description": {
			"identifier": "ms:mindcontrol_spell",
			"category": "equipment"
		},
		"components": {
			"minecraft:foil": true,
			"minecraft:max_stack_size": 1,
			"minecraft:use_duration": 2,
			"minecraft:on_use": {
				"on_use": {
					"event": "ms:on_use"
				}
			},
			"minecraft:cooldown": {
				"category": "mindcontrolspell",
				"duration": 90
			},
			"minecraft:display_name": {
				"value": "§2Manipulation Magic: §aMind Control Spell\n§bMana/use: 300\n§4Requires level 12+"
			},
			"minecraft:icon": {
				"texture": "mindcontrol_spell"
			}
		},
		"events": {
			"ms:on_use": {
				"sequence": [
					{
						"run_command": {
							"command": [
								"execute @s[scores={mana=300..,magic_LV=12..}] ~~~ summon ms:mindcontrol_spell",
								"execute @s[scores={mana=300..,magic_LV=12..}] ~~~ tag @e[type=!player,type=!item,type=!arrow,type=!ms:mindcontrol_spell,c=1] add mindcontrol",
								"tag @s[scores={mana=300..,magic_LV=12..}] add mindcontrol",
								"scoreboard objectives add mindcontrol dummy",
								"scoreboard players set @e[type=ms:mindcontrol_spell,r=1,c=1] mindcontrol 1200",
								"execute @s[scores={mana=300..,magic_LV=12..}] ~~~ function gain_magic_xp",
								"scoreboard players remove @s[scores={mana=300..,magic_LV=12..}] mana 300",
								"function display_mana",
								"playsound mob.evocation_illager.cast_spell @s",
								"execute @s[scores={magic_LV=..11}] ~~~ function cannot_use_spell"
							]
						}
					},
					{
						"swing": {
						}
					}
				]
			}
		}
	}
}