{
	"format_version": "1.16.100",
	"minecraft:item": {
		"description": {
			"identifier": "ms:fire_ring_spell",
			"category": "equipment"
		},
		"components": {
			"minecraft:foil": true,
			"minecraft:max_stack_size": 1,
			"minecraft:use_duration": 2,
			"minecraft:on_use": {
				"on_use": {
					"event": "ms:on_use"
				}
			},
			"minecraft:cooldown": {
				"category": "death_ring_spell",
				"duration": 60
			},
			"minecraft:display_name": {
				"value": "§4Death Magic: §cRing of Death Spell\n§bMana/use: 500\n§4Requires level 20+\nThis spell will cancel all incoming and outgoing spells within the ring!"
			},
			"minecraft:icon": {
				"texture": "fire_ring_spell"
			}
		},
		"events": {
			"ms:on_use": {
				"sequence": [
					{
						"run_command": {
							"command": [
								"execute @s[scores={mana=500..,magic_LV=20..}] ~~~ summon ms:fire_shield_spell",
								"execute @s[scores={mana=500..,magic_LV=20..}] ~~~ function gain_magic_xp",
								"scoreboard players remove @s[scores={mana=500..,magic_LV=20..}] mana 500",
								"function display_mana",
								"playsound firework.blast @s",
								"execute @s[scores={magic_LV=..19}] ~~~ function cannot_use_spell"
							]
						}
					},
					{
						"swing": {
						}
					}
				]
			}
		}
	}
}