{
  "format_version": "1.12",
  "minecraft:recipe_shaped": {
    "description": {
    "identifier": "ms:custom_mana_potion"
    },

    
    "tags": [ "ms:spell_fabricator" ],
    "pattern": [
      "DMD",
      "DGD",
      "DMD"
    ],
    "key": {
      "G": {
        "item": "ms:mana_potion"
      },
      "M": {
        "item": "ms:magic_dust"
      },
      "D": {
        "item": "minecraft:diamond"
      }
    },
    "result": {
      "item": "ms:custom_mana_potion"
    }
  }
}
