{
  "format_version": "1.12",
  "minecraft:recipe_shaped": {
    "description": {
    "identifier": "ms:fire_ring_spell"
    },

    
    "tags": [ "ms:spell_fabricator" ],
    "pattern": [
      "WGW",
      "GSG",
      "WGW"
    ],
    "key": {
      "W": {
        "item": "minecraft:netherite_sword"
      },
      "S": {
        "item": "ms:spell_parchment"
      },
      "G": {
        "item": "ms:magic_dust"
      }
    },
    "result": {
      "item": "ms:fire_ring_spell"
    }
  }
}
