{
  "format_version": "1.12",
  "minecraft:recipe_shaped": {
    "description": {
    "identifier": "ms:fireball_spell"
    },

    
    "tags": [ "ms:spell_fabricator" ],
    "pattern": [
      "GGG",
      "TST",
      "GGG"
    ],
    "key": {
      "T": {
        "item": "minecraft:tnt"
      },
      "S": {
        "item": "ms:spell_parchment"
      },
      "G": {
        "item": "minecraft:blaze_rod"
      }
    },
    "result": {
      "item": "ms:fireball_spell"
    }
  }
}
