{
  "format_version": "1.12",
  "minecraft:recipe_shaped": {
    "description": {
    "identifier": "ms:golem_spell"
    },

    
    "tags": [ "ms:spell_fabricator" ],
    "pattern": [
      " A ",
      "GSG",
      " G "
    ],
    "key": {
      "S": {
        "item": "ms:spell_parchment"
      },
      "G": {
        "item": "minecraft:iron_block"
      },
      "A": {
        "item": "minecraft:carved_pumpkin"
      }
    },
    "result": {
      "item": "ms:golem_spell"
    }
  }
}
