{
  "format_version": "1.12",
  "minecraft:recipe_shaped": {
    "description": {
    "identifier": "ms:healing_ring"
    },

    
    "tags": [ "ms:spell_fabricator" ],
    "pattern": [
      "GAG",
      "ASA",
      "GAG"
    ],
    "key": {
      "S": {
        "item": "ms:spell_parchment"
      },
      "G": {
        "item": "minecraft:speckled_melon"
      },
      "A": {
        "item": "ms:magic_dust"
      }
    },
    "result": {
      "item": "ms:healing_ring"
    }
  }
}
