{
  "format_version": "1.12",
  "minecraft:recipe_shaped": {
    "description": {
    "identifier": "ms:lapis_redstone_blend"
    },

    
    "tags": [ "ms:spell_fabricator" ],
    "pattern": [
      "RLR",
      "L#L",
      "RLR"
    ],
    "key": {
      "L": {
        "item": "minecraft:lapis_lazuli"
      },
      "#": {
        "item": "minecraft:lapis_block"
      },
      "R": {
        "item": "minecraft:redstone"
      }
    },
    "result": {
      "item": "ms:lapis_redstone_blend"
    }
  }
}
