{
  "format_version": "1.12",
  "minecraft:recipe_shaped": {
    "description": {
    "identifier": "ms:lightning_storm_spell"
    },

    
    "tags": [ "ms:spell_fabricator" ],
    "pattern": [
      "AGA",
      "GSG",
      "BGB"
    ],
    "key": {
      "B": {
        "item": "minecraft:blaze_rod"
      },
      "A": {
        "item": "minecraft:diamond",
        "data": 0
      },
      "S": {
        "item": "ms:spell_parchment"
      },
      "G": {
        "item": "minecraft:glowstone_dust"
      }
    },
    "result": {
      "item": "ms:lightning_storm_spell"
    }
  }
}
