{
  "format_version": "1.12",
  "minecraft:recipe_shaped": {
    "description": {
    "identifier": "ms:shooter_spell"
    },

    
    "tags": [ "ms:spell_fabricator" ],
    "pattern": [
      "ABA",
      "ASA",
      "BAB"
    ],
    "key": {
      "B": {
        "item": "minecraft:bow"
      },
      "A": {
        "item": "minecraft:arrow",
        "data": 0
      },
      "S": {
        "item": "ms:spell_parchment"
      }
    },
    "result": {
      "item": "ms:shooter_spell"
    }
  }
}
