{
	"format_version" : "1.10.0",
	"animation_controllers" : {
		"controller.animation.water_boss" : {
			"initial_state" : "default",
			"states" : {
				"default" : {
					"transitions": [
						{
							"swimming": "query.is_swimming"
						},
						{
							"walking": "!query.is_in_water"
						}
					],
					"animations": [
						"switch_to_default"
					]
				},
				"swimming": {
					"transitions": [
						{
							"default": "!query.is_swimming"
						}
					],
					"animations": [
						"swimming"
					]
				},
				"walking": {
					"transitions": [
						{
							"default": "query.is_in_water"
						}
					],
					"animations": [
						"walking"
					]
				}
			}
		}
	}
}
