{
	"format_version" : "1.10.0",
	"animation_controllers" : {
		"controller.animation.wind_boss" : {
			"initial_state" : "default",
			"states" : {
				"default" : {
					"transitions": [
						{
							"throw_trident": "query.variant == 1"
						}
					],
					"animations" : [
						"rotate_wind"
					]
				},
				"throw_trident" : {
					"transitions": [
						{
							"default": "query.variant == 0"
						}
					],
					"animations" : [
						"throw_trident",
						"rotate_wind"
					]
				}
			}
		}
	}
}
