{
  "format_version": "1.10",
  "minecraft:entity": {
    "description": {
      "identifier": "minecraft:player",
      "is_spawnable": false,
      "is_summonable": false,
      "is_experimental": false,
      "scripts": {
        "animate": [
          "walk",
          "jxj:bullet_update",
          "jxj:bullet_v2_1",
          "jxj:fireball_v3_fix",
          "jxj:magic_staff",
          "jxj:magic_staff_v2"
        ]
      },
      "animations": {
        "walk": "controller.animation.walk",
        "jxj:bullet_update": "controller.animation.jxj_bullet_update",
        "jxj:bullet_v2_1": "controller.animation.jxj_bullet_v2_1",
        "jxj:fireball_v3_fix": "controller.animation.jxj_fireball_v3_fix",
        "jxj:magic_staff": "controller.animation.jxj_magic_staff",
        "jxj:magic_staff_v2": "controller.animation.jxj_magic_staff_v2"
      }
    },
    "component_groups": {
      "pamobile:respawn": {
        "minecraft:mark_variant": {
          "value": 99999
        },
        "minecraft:health": {
          "value": 20,
          "max": 20
        },
        "minecraft:movement": {
          "value": 0.1
        },
        "minecraft:attack": {
          "damage": 1
        },
        "minecraft:spell_effects": {
          "remove_effects": [
            "regeneration",
            "resistance",
            "conduit_power",
            "fire_resistance",
            "jump_boost",
            "night_vision",
            "strength"
          ]
        }
      },
      "ammo:1": {
        "minecraft:mark_variant": {
          "value": 1
        }
      },
      "jxj:diamond_staff": {
        "minecraft:health": {
          "value": 25,
          "max": 25
        },
        "minecraft:movement": {
          "value": 0.1
        },
        "minecraft:spell_effects": {
          "add_effects": [
            {
              "effect": "regeneration",
              "duration": 60000,
              "amplifier": 5,
              "display_on_screen_animation": false
            },
            {
              "effect": "resistance",
              "duration": 60000,
              "amplifier": 5,
              "display_on_screen_animation": false
            }
          ]
        }
      },
      "jxj:magic_pumpkin": {
        "minecraft:health": {
          "value": 25,
          "max": 25
        },
        "minecraft:movement": {
          "value": 0.1
        },
        "minecraft:spell_effects": {
          "add_effects": [
            {
              "effect": "conduit_power",
              "duration": 60000,
              "amplifier": 2,
              "display_on_screen_animation": false
            },
            {
              "effect": "fire_resistance",
              "duration": 60000,
              "amplifier": 2,
              "display_on_screen_animation": false
            }
          ]
        }
      },
      "jxj:below_magic": {
        "minecraft:health": {
          "value": 25,
          "max": 25
        },
        "minecraft:movement": {
          "value": 0.1
        },
        "minecraft:spell_effects": {
          "add_effects": [
            {
              "effect": "jump_boost",
              "duration": 60000,
              "amplifier": 1,
              "display_on_screen_animation": false
            },
            {
              "effect": "night_vision",
              "duration": 60000,
              "amplifier": 5,
              "display_on_screen_animation": false
            },
            {
              "effect": "regeneration",
              "duration": 60000,
              "amplifier": 3,
              "display_on_screen_animation": false
            },
            {
              "effect": "strength",
              "duration": 60000,
              "amplifier": 1,
              "display_on_screen_animation": false
            }
          ]
        }
      },
      "jxj:bullet_update_fire": {
        "minecraft:spawn_entity": [
          {
            "min_wait_time": 0,
            "max_wait_time": 0,
            "single_use": true,
            "spawn_entity": "jxj:bullet_update",
            "num_to_spawn": 1
          }
        ]
      },
      "jxj:bullet_v2_1_fire": {
        "minecraft:spawn_entity": [
          {
            "min_wait_time": 0,
            "max_wait_time": 0,
            "single_use": true,
            "spawn_entity": "jxj:bullet_v2_1",
            "num_to_spawn": 1
          }
        ]
      },
      "jxj:fireball_v3_fix_fire": {
        "minecraft:spawn_entity": [
          {
            "min_wait_time": 0,
            "max_wait_time": 0,
            "single_use": true,
            "spawn_entity": "jxj:fireball_v3_fix",
            "num_to_spawn": 1
          }
        ]
      },
      "jxj:magic_staff_fire": {
        "minecraft:spawn_entity": [
          {
            "min_wait_time": 0,
            "max_wait_time": 0,
            "single_use": true,
            "spawn_entity": "jxj:magic_staff",
            "num_to_spawn": 1
          }
        ]
      },
      "jxj:magic_staff_v2_fire": {
        "minecraft:spawn_entity": [
          {
            "min_wait_time": 0,
            "max_wait_time": 0,
            "single_use": true,
            "spawn_entity": "jxj:magic_staff_v2",
            "num_to_spawn": 1
          }
        ]
      }
    },
    "components": {
      "minecraft:type_family": {
        "family": [
          "player"
        ]
      },
      "minecraft:loot": {
        "table": "loot_tables/empty.json"
      },
      "minecraft:collision_box": {
        "width": 0.6,
        "height": 1.8
      },
      "minecraft:can_climb": {},
      "minecraft:movement": {
        "value": 0.1
      },
      "minecraft:environment_sensor": [
        {
          "on_environment": {
            "filters": {
              "any_of": [
                {
                  "test": "is_family",
                  "subject": "self",
                  "value": "player"
                }
              ]
            },
            "event": "pamobile:refresh_player"
          }
        },
        {
          "on_environment": {
            "filters": {
              "all_of": [
                {
                  "test": "has_equipment",
                  "subject": "self",
                  "domain": "hand",
                  "value": "jxj:diamond_staff"
                }
              ]
            },
            "event": "jxj:diamond_staff_event"
          }
        },
        {
          "on_environment": {
            "filters": {
              "all_of": [
                {
                  "test": "has_equipment",
                  "subject": "self",
                  "domain": "hand",
                  "value": "jxj:magic_pumpkin"
                }
              ]
            },
            "event": "jxj:magic_pumpkin_event"
          }
        },
        {
          "on_environment": {
            "filters": {
              "all_of": [
                {
                  "test": "has_equipment",
                  "subject": "self",
                  "domain": "hand",
                  "value": "jxj:below_magic"
                }
              ]
            },
            "event": "jxj:below_magic_event"
          }
        },
        {
          "on_environment": {
            "filters": {
              "all_of": [
                {
                  "test": "has_equipment",
                  "subject": "self",
                  "domain": "hand",
                  "value": "jxj:bullet_update"
                },
                {
                  "test": "is_family",
                  "subject": "self",
                  "value": "player"
                }
              ]
            },
            "event": "ammo:1"
          }
        },
        {
          "on_environment": {
            "filters": {
              "all_of": [
                {
                  "test": "has_equipment",
                  "subject": "self",
                  "domain": "hand",
                  "value": "jxj:bullet_v2_1"
                },
                {
                  "test": "is_family",
                  "subject": "self",
                  "value": "player"
                }
              ]
            },
            "event": "ammo:1"
          }
        },
        {
          "on_environment": {
            "filters": {
              "all_of": [
                {
                  "test": "has_equipment",
                  "subject": "self",
                  "domain": "hand",
                  "value": "jxj:fireball_v3_fix"
                },
                {
                  "test": "is_family",
                  "subject": "self",
                  "value": "player"
                }
              ]
            },
            "event": "ammo:1"
          }
        },
        {
          "on_environment": {
            "filters": {
              "all_of": [
                {
                  "test": "has_equipment",
                  "subject": "self",
                  "domain": "hand",
                  "value": "jxj:magic_staff"
                },
                {
                  "test": "is_family",
                  "subject": "self",
                  "value": "player"
                }
              ]
            },
            "event": "ammo:1"
          }
        },
        {
          "on_environment": {
            "filters": {
              "all_of": [
                {
                  "test": "has_equipment",
                  "subject": "self",
                  "domain": "hand",
                  "value": "jxj:magic_staff_v2"
                },
                {
                  "test": "is_family",
                  "subject": "self",
                  "value": "player"
                }
              ]
            },
            "event": "ammo:1"
          }
        }
      ],
      "minecraft:player.saturation": {
        "value": 20
      },
      "minecraft:player.exhaustion": {
        "value": 0,
        "max": 4
      },
      "minecraft:player.level": {
        "value": 0,
        "max": 24791
      },
      "minecraft:player.experience": {
        "value": 0,
        "max": 1
      },
      "minecraft:breathable": {
        "totalSupply": 15,
        "suffocateTime": -1,
        "inhaleTime": 3.75,
        "generatesBubbles": false
      },
      "minecraft:nameable": {
        "alwaysShow": true,
        "allowNameTagRenaming": false
      },
      "minecraft:physics": {},
      "minecraft:insomnia": {
        "days_until_insomnia": 3
      },
      "minecraft:rideable": {
        "seat_count": 2,
        "family_types": [
          "parrot_tame"
        ],
        "pull_in_entities": true,
        "seats": [
          {
            "position": [
              0.4,
              -0.15,
              0.04
            ],
            "min_rider_count": 0,
            "max_rider_count": 0,
            "lock_rider_rotation": 0
          },
          {
            "position": [
              -0.4,
              -0.15,
              0.04
            ],
            "min_rider_count": 1,
            "max_rider_count": 2,
            "lock_rider_rotation": 0
          }
        ]
      },
      "minecraft:scaffolding_climber": {}
    },
    "events": {
      "pamobile:refresh_player": {
        "add": {
          "component_groups": [
            "pamobile:respawn"
          ]
        },
        "remove": {
          "component_groups": [
            "jxj:diamond_staff",
            "jxj:magic_pumpkin",
            "jxj:below_magic"
          ]
        }
      },
      "minecraft:entity_spawned": {
        "add": {
          "component_groups": [
            "pamobile:respawn"
          ]
        },
        "remove": {}
      },
      "ammo:1": {
        "remove": {
          "component_groups": [
            "ammo:1"
          ]
        },
        "add": {
          "component_groups": [
            "ammo:1"
          ]
        }
      },
      "ammo:2": {
        "remove": {
          "component_groups": [
            "ammo:2"
          ]
        },
        "add": {
          "component_groups": [
            "ammo:2"
          ]
        }
      },
      "jxj:diamond_staff_event": {
        "add": {
          "component_groups": [
            "jxj:diamond_staff"
          ]
        }
      },
      "jxj:magic_pumpkin_event": {
        "add": {
          "component_groups": [
            "jxj:magic_pumpkin"
          ]
        }
      },
      "jxj:below_magic_event": {
        "add": {
          "component_groups": [
            "jxj:below_magic"
          ]
        }
      },
      "jxj:bullet_update_fire": {
        "add": {
          "component_groups": [
            "jxj:bullet_update_fire"
          ]
        }
      },
      "jxj:bullet_v2_1_fire": {
        "add": {
          "component_groups": [
            "jxj:bullet_v2_1_fire"
          ]
        }
      },
      "jxj:fireball_v3_fix_fire": {
        "add": {
          "component_groups": [
            "jxj:fireball_v3_fix_fire"
          ]
        }
      },
      "jxj:magic_staff_fire": {
        "add": {
          "component_groups": [
            "jxj:magic_staff_fire"
          ]
        }
      },
      "jxj:magic_staff_v2_fire": {
        "add": {
          "component_groups": [
            "jxj:magic_staff_v2_fire"
          ]
        }
      }
    }
  }
}